......
----------------------------------------------------------------------
Ran 6 tests in 0.116s

OK
FOREST_LEDGE_ART: PASS (3 quality variants, 5 collision-aligned surfaces)
verify-job-id-independence: PASS (1 authored job IDs, no shared-code literals)
Godot Engine v4.7.1.stable.official.a13da4feb - https://godotengine.org

[   0% ] [90m[1mfirst_scan_filesystem[22m | Started 프로젝트 초기화 (5 steps)[39m[0m
[   0% ] [90m[1mfirst_scan_filesystem[22m | 파일 구조 스캔 중...[39m[0m
[  16% ] [90m[1mfirst_scan_filesystem[22m | 전역 클래스 이름을 불러오는 중...[39m[0m
[  33% ] [90m[1mfirst_scan_filesystem[22m | GDExtensions 검증 중...[39m[0m
[  50% ] [90m[1mfirst_scan_filesystem[22m | 오토로드 스크립트를 만드는 중...[39m[0m
[  66% ] [90m[1mfirst_scan_filesystem[22m | 플러그인을 초기화 중...[39m[0m
[  83% ] [90m[1mfirst_scan_filesystem[22m | 파일 스캔 시작 중...[39m[0m
[92m[ DONE ][39m [1mfirst_scan_filesystem[22m
[0m
[   0% ] [90m[1mupdate_scripts_classes[22m | Started 전역 클래스를 등록하는 중... (111 steps)[39m[0m
[   0% ] [90m[1mupdate_scripts_classes[22m | [39m[0m
[   0% ] [90m[1mupdate_scripts_classes[22m | [39m[0m
[   1% ] [90m[1mupdate_scripts_classes[22m | [39m[0m
[   2% ] [90m[1mupdate_scripts_classes[22m | AccessoryData[39m[0m
[   3% ] [90m[1mupdate_scripts_classes[22m | AttackData[39m[0m
[   4% ] [90m[1mupdate_scripts_classes[22m | CancelRuleData[39m[0m
[   5% ] [90m[1mupdate_scripts_classes[22m | CharacterData[39m[0m
[   6% ] [90m[1mupdate_scripts_classes[22m | CharacterStats[39m[0m
[   7% ] [90m[1mupdate_scripts_classes[22m | CombatEffectData[39m[0m
[   8% ] [90m[1mupdate_scripts_classes[22m | CombatRules[39m[0m
[   8% ] [90m[1mupdate_scripts_classes[22m | CombatRuleData[39m[0m
[   9% ] [90m[1mupdate_scripts_classes[22m | ComboLinkData[39m[0m
[  10% ] [90m[1mupdate_scripts_classes[22m | JobData[39m[0m
[  11% ] [90m[1mupdate_scripts_classes[22m | LoadoutBuilder[39m[0m
[  12% ] [90m[1mupdate_scripts_classes[22m | LoadoutBuildResult[39m[0m
[  13% ] [90m[1mupdate_scripts_classes[22m | LoadoutCatalog[39m[0m
[  14% ] [90m[1mupdate_scripts_classes[22m | LoadoutSelection[39m[0m
[  15% ] [90m[1mupdate_scripts_classes[22m | MoveSetData[39m[0m
[  16% ] [90m[1mupdate_scripts_classes[22m | MoveSlotData[39m[0m
[  16% ] [90m[1mupdate_scripts_classes[22m | MoveSlotPatch[39m[0m
[  17% ] [90m[1mupdate_scripts_classes[22m | RuntimeCombatProfile[39m[0m
[  18% ] [90m[1mupdate_scripts_classes[22m | RuntimeCombatState[39m[0m
[  19% ] [90m[1mupdate_scripts_classes[22m | StageData[39m[0m
[  20% ] [90m[1mupdate_scripts_classes[22m | StageSurfaceData[39m[0m
[  21% ] [90m[1mupdate_scripts_classes[22m | StatModifier[39m[0m
[  22% ] [90m[1mupdate_scripts_classes[22m | DbProfileClient[39m[0m
[  23% ] [90m[1mupdate_scripts_classes[22m | LanInvite[39m[0m
[  24% ] [90m[1mupdate_scripts_classes[22m | LanMatchClient[39m[0m
[  25% ] [90m[1mupdate_scripts_classes[22m | [39m[0m
[  25% ] [90m[1mupdate_scripts_classes[22m | [39m[0m
[  26% ] [90m[1mupdate_scripts_classes[22m | [39m[0m
[  27% ] [90m[1mupdate_scripts_classes[22m | BattleMinimap[39m[0m
[  28% ] [90m[1mupdate_scripts_classes[22m | CombatAudio[39m[0m
[  29% ] [90m[1mupdate_scripts_classes[22m | [39m[0m
[  30% ] [90m[1mupdate_scripts_classes[22m | CombatIntent[39m[0m
[  31% ] [90m[1mupdate_scripts_classes[22m | CombatMath[39m[0m
[  32% ] [90m[1mupdate_scripts_classes[22m | ComboController[39m[0m
[  33% ] [90m[1mupdate_scripts_classes[22m | CommandResolver[39m[0m
[  33% ] [90m[1mupdate_scripts_classes[22m | EffectController[39m[0m
[  34% ] [90m[1mupdate_scripts_classes[22m | FighterController[39m[0m
[  35% ] [90m[1mupdate_scripts_classes[22m | [39m[0m
[  36% ] [90m[1mupdate_scripts_classes[22m | HitContext[39m[0m
[  37% ] [90m[1mupdate_scripts_classes[22m | HitResolver[39m[0m
[  38% ] [90m[1mupdate_scripts_classes[22m | HitResult[39m[0m
[  39% ] [90m[1mupdate_scripts_classes[22m | LocalAiApp[39m[0m
[  40% ] [90m[1mupdate_scripts_classes[22m | LocalAICommandSource[39m[0m
[  41% ] [90m[1mupdate_scripts_classes[22m | [39m[0m
[  41% ] [90m[1mupdate_scripts_classes[22m | LocalMatchConfig[39m[0m
[  42% ] [90m[1mupdate_scripts_classes[22m | LocalMatchParticipant[39m[0m
[  43% ] [90m[1mupdate_scripts_classes[22m | [39m[0m
[  44% ] [90m[1mupdate_scripts_classes[22m | LocalPlayerStore[39m[0m
[  45% ] [90m[1mupdate_scripts_classes[22m | LocalPlayCatalog[39m[0m
[  46% ] [90m[1mupdate_scripts_classes[22m | [39m[0m
[  47% ] [90m[1mupdate_scripts_classes[22m | MatchController[39m[0m
[  48% ] [90m[1mupdate_scripts_classes[22m | OffscreenOpponentIndicator[39m[0m
[  49% ] [90m[1mupdate_scripts_classes[22m | Phase3StylePlaytest[39m[0m
[  50% ] [90m[1mupdate_scripts_classes[22m | PushboxResolver[39m[0m
[  50% ] [90m[1mupdate_scripts_classes[22m | StageController[39m[0m
[  51% ] [90m[1mupdate_scripts_classes[22m | [39m[0m
[  52% ] [90m[1mupdate_scripts_classes[22m | [39m[0m
[  53% ] [90m[1mupdate_scripts_classes[22m | [39m[0m
[  54% ] [90m[1mupdate_scripts_classes[22m | [39m[0m
[  55% ] [90m[1mupdate_scripts_classes[22m | OnlineTokenVerifier[39m[0m
[  56% ] [90m[1mupdate_scripts_classes[22m | [39m[0m
[  57% ] [90m[1mupdate_scripts_classes[22m | [39m[0m
[  58% ] [90m[1mupdate_scripts_classes[22m | [39m[0m
[  58% ] [90m[1mupdate_scripts_classes[22m | [39m[0m
[  59% ] [90m[1mupdate_scripts_classes[22m | [39m[0m
[  60% ] [90m[1mupdate_scripts_classes[22m | [39m[0m
[  61% ] [90m[1mupdate_scripts_classes[22m | [39m[0m
[  62% ] [90m[1mupdate_scripts_classes[22m | [39m[0m
[  63% ] [90m[1mupdate_scripts_classes[22m | [39m[0m
[  64% ] [90m[1mupdate_scripts_classes[22m | [39m[0m
[  65% ] [90m[1mupdate_scripts_classes[22m | [39m[0m
[  66% ] [90m[1mupdate_scripts_classes[22m | [39m[0m
[  66% ] [90m[1mupdate_scripts_classes[22m | [39m[0m
[  67% ] [90m[1mupdate_scripts_classes[22m | [39m[0m
[  68% ] [90m[1mupdate_scripts_classes[22m | [39m[0m
[  69% ] [90m[1mupdate_scripts_classes[22m | [39m[0m
[  70% ] [90m[1mupdate_scripts_classes[22m | [39m[0m
[  71% ] [90m[1mupdate_scripts_classes[22m | [39m[0m
[  72% ] [90m[1mupdate_scripts_classes[22m | [39m[0m
[  73% ] [90m[1mupdate_scripts_classes[22m | [39m[0m
[  74% ] [90m[1mupdate_scripts_classes[22m | [39m[0m
[  75% ] [90m[1mupdate_scripts_classes[22m | [39m[0m
[  75% ] [90m[1mupdate_scripts_classes[22m | [39m[0m
[  76% ] [90m[1mupdate_scripts_classes[22m | [39m[0m
[  77% ] [90m[1mupdate_scripts_classes[22m | [39m[0m
[  78% ] [90m[1mupdate_scripts_classes[22m | [39m[0m
[  79% ] [90m[1mupdate_scripts_classes[22m | [39m[0m
[  80% ] [90m[1mupdate_scripts_classes[22m | [39m[0m
[  81% ] [90m[1mupdate_scripts_classes[22m | [39m[0m
[  82% ] [90m[1mupdate_scripts_classes[22m | [39m[0m
[  83% ] [90m[1mupdate_scripts_classes[22m | [39m[0m
[  83% ] [90m[1mupdate_scripts_classes[22m | [39m[0m
[  84% ] [90m[1mupdate_scripts_classes[22m | [39m[0m
[  85% ] [90m[1mupdate_scripts_classes[22m | [39m[0m
[  86% ] [90m[1mupdate_scripts_classes[22m | [39m[0m
[  87% ] [90m[1mupdate_scripts_classes[22m | [39m[0m
[  88% ] [90m[1mupdate_scripts_classes[22m | [39m[0m
[  89% ] [90m[1mupdate_scripts_classes[22m | [39m[0m
[  90% ] [90m[1mupdate_scripts_classes[22m | [39m[0m
[  91% ] [90m[1mupdate_scripts_classes[22m | [39m[0m
[  91% ] [90m[1mupdate_scripts_classes[22m | [39m[0m
[  92% ] [90m[1mupdate_scripts_classes[22m | [39m[0m
[  93% ] [90m[1mupdate_scripts_classes[22m | [39m[0m
[  94% ] [90m[1mupdate_scripts_classes[22m | [39m[0m
[  95% ] [90m[1mupdate_scripts_classes[22m | [39m[0m
[  96% ] [90m[1mupdate_scripts_classes[22m | [39m[0m
[  97% ] [90m[1mupdate_scripts_classes[22m | [39m[0m
[  98% ] [90m[1mupdate_scripts_classes[22m | [39m[0m
[92m[ DONE ][39m [1mupdate_scripts_classes[22m
[0m
[   0% ] [90m[1m_update_scan_actions[22m | Started 액션 스캔 중... (1096 steps)[39m[0m
[   0% ] [90m[1m_update_scan_actions[22m | app-2-face-16x9.png[39m[0m
[   0% ] [90m[1m_update_scan_actions[22m | app-8-solo-dot-20x9.png[39m[0m
[   0% ] [90m[1m_update_scan_actions[22m | app-8-team-large-16x9.png[39m[0m
[   0% ] [90m[1m_update_scan_actions[22m | app-settings-preview.png[39m[0m
[   0% ] [90m[1m_update_scan_actions[22m | attack-combo-01-contact-sheet-r01.png[39m[0m
[   0% ] [90m[1m_update_scan_actions[22m | attack-combo-02-contact-sheet-r01.png[39m[0m
[   0% ] [90m[1m_update_scan_actions[22m | attack-combo-03-contact-sheet-r01.png[39m[0m
[   0% ] [90m[1m_update_scan_actions[22m | attack_light_combo_01-r02-alpha.png[39m[0m
[   0% ] [90m[1m_update_scan_actions[22m | attack_light_combo_01-r02-checker.png[39m[0m
[   0% ] [90m[1m_update_scan_actions[22m | attack_light_combo_01-r02-clean.png[39m[0m
[   0% ] [90m[1m_update_scan_actions[22m | attack_light_combo_02-r02-alpha.png[39m[0m
[   1% ] [90m[1m_update_scan_actions[22m | attack_light_combo_02-r02-checker.png[39m[0m
[   1% ] [90m[1m_update_scan_actions[22m | attack_light_combo_02-r02-clean.png[39m[0m
[   1% ] [90m[1m_update_scan_actions[22m | attack_light_combo_03-r02-alpha.png[39m[0m
[   1% ] [90m[1m_update_scan_actions[22m | attack_light_combo_03-r02-checker.png[39m[0m
[   1% ] [90m[1m_update_scan_actions[22m | attack_light_combo_03-r02-clean.png[39m[0m
[   1% ] [90m[1m_update_scan_actions[22m | attack_light_combo_01-r01-alpha.png[39m[0m
[   1% ] [90m[1m_update_scan_actions[22m | attack_light_combo_01-r01-checker.png[39m[0m
[   1% ] [90m[1m_update_scan_actions[22m | attack_light_combo_02-r01-alpha.png[39m[0m
[   1% ] [90m[1m_update_scan_actions[22m | attack_light_combo_02-r01-checker.png[39m[0m
[   1% ] [90m[1m_update_scan_actions[22m | attack_light_combo_03-r01-alpha.png[39m[0m
[   1% ] [90m[1m_update_scan_actions[22m | attack_light_combo_03-r01-checker.png[39m[0m
[   2% ] [90m[1m_update_scan_actions[22m | attack_light_combo_04-r01-alpha.png[39m[0m
[   2% ] [90m[1m_update_scan_actions[22m | attack_light_combo_04-r01-checker.png[39m[0m
[   2% ] [90m[1m_update_scan_actions[22m | attack_light_combo_01-r01-alpha.png[39m[0m
[   2% ] [90m[1m_update_scan_actions[22m | attack_light_combo_02-r01-alpha.png[39m[0m
[   2% ] [90m[1m_update_scan_actions[22m | attack_heavy_down-r01-clean.png[39m[0m
[   2% ] [90m[1m_update_scan_actions[22m | attack_heavy_side-r01-clean.png[39m[0m
[   2% ] [90m[1m_update_scan_actions[22m | attack_heavy_up-r01-clean.png[39m[0m
[   2% ] [90m[1m_update_scan_actions[22m | attack_light_down-r01-clean.png[39m[0m
[   2% ] [90m[1m_update_scan_actions[22m | attack_light_up-r01-clean.png[39m[0m
[   2% ] [90m[1m_update_scan_actions[22m | attack_heavy_down-r01-clean.png[39m[0m
[   2% ] [90m[1m_update_scan_actions[22m | attack_heavy_side-r01-clean.png[39m[0m
[   3% ] [90m[1m_update_scan_actions[22m | attack_heavy_up-r01-clean.png[39m[0m
[   3% ] [90m[1m_update_scan_actions[22m | attack_light_down-r01-clean.png[39m[0m
[   3% ] [90m[1m_update_scan_actions[22m | attack_light_up-r01-clean.png[39m[0m
[   3% ] [90m[1m_update_scan_actions[22m | batch-01-overview.png[39m[0m
[   3% ] [90m[1m_update_scan_actions[22m | attack_air_heavy-r01-clean.png[39m[0m
[   3% ] [90m[1m_update_scan_actions[22m | attack_air_light-r01-clean.png[39m[0m
[   3% ] [90m[1m_update_scan_actions[22m | attack_dash_heavy-r01-clean.png[39m[0m
[   3% ] [90m[1m_update_scan_actions[22m | attack_dash_light-r01-clean.png[39m[0m
[   3% ] [90m[1m_update_scan_actions[22m | attack_air_heavy-r01-clean.png[39m[0m
[   3% ] [90m[1m_update_scan_actions[22m | attack_air_light-r01-clean.png[39m[0m
[   3% ] [90m[1m_update_scan_actions[22m | attack_dash_heavy-r01-clean.png[39m[0m
[   4% ] [90m[1m_update_scan_actions[22m | attack_dash_light-r01-clean.png[39m[0m
[   4% ] [90m[1m_update_scan_actions[22m | batch-02-overview.png[39m[0m
[   4% ] [90m[1m_update_scan_actions[22m | special_neutral-r01-clean.png[39m[0m
[   4% ] [90m[1m_update_scan_actions[22m | special_up-r01-clean.png[39m[0m
[   4% ] [90m[1m_update_scan_actions[22m | batch-03-overview.png[39m[0m
[   4% ] [90m[1m_update_scan_actions[22m | special_neutral-r01-clean.png[39m[0m
[   4% ] [90m[1m_update_scan_actions[22m | special_up-r01-clean.png[39m[0m
[   4% ] [90m[1m_update_scan_actions[22m | attack_heavy_down-r01-clean.png[39m[0m
[   4% ] [90m[1m_update_scan_actions[22m | attack_heavy_side-r01-clean.png[39m[0m
[   4% ] [90m[1m_update_scan_actions[22m | attack_heavy_up-r01-clean.png[39m[0m
[   4% ] [90m[1m_update_scan_actions[22m | attack_light_down-r01-clean.png[39m[0m
[   5% ] [90m[1m_update_scan_actions[22m | attack_light_up-r01-clean.png[39m[0m
[   5% ] [90m[1m_update_scan_actions[22m | attack_heavy_down-r01-checker.png[39m[0m
[   5% ] [90m[1m_update_scan_actions[22m | attack_heavy_side-r01-checker.png[39m[0m
[   5% ] [90m[1m_update_scan_actions[22m | attack_heavy_up-r01-checker.png[39m[0m
[   5% ] [90m[1m_update_scan_actions[22m | attack_light_down-r01-checker.png[39m[0m
[   5% ] [90m[1m_update_scan_actions[22m | attack_light_up-r01-checker.png[39m[0m
[   5% ] [90m[1m_update_scan_actions[22m | attack_heavy_down-r01-clean.png[39m[0m
[   5% ] [90m[1m_update_scan_actions[22m | attack_heavy_side-r01-clean.png[39m[0m
[   5% ] [90m[1m_update_scan_actions[22m | attack_heavy_up-r01-clean.png[39m[0m
[   5% ] [90m[1m_update_scan_actions[22m | attack_light_down-r01-clean.png[39m[0m
[   5% ] [90m[1m_update_scan_actions[22m | attack_light_up-r01-clean.png[39m[0m
[   6% ] [90m[1m_update_scan_actions[22m | batch-01-overview.png[39m[0m
[   6% ] [90m[1m_update_scan_actions[22m | attack_air_heavy-r01-clean.png[39m[0m
[   6% ] [90m[1m_update_scan_actions[22m | attack_air_light-r01-clean.png[39m[0m
[   6% ] [90m[1m_update_scan_actions[22m | attack_dash_heavy-r01-clean.png[39m[0m
[   6% ] [90m[1m_update_scan_actions[22m | attack_dash_light-r01-clean.png[39m[0m
[   6% ] [90m[1m_update_scan_actions[22m | attack_air_heavy-r01-checker.png[39m[0m
[   6% ] [90m[1m_update_scan_actions[22m | attack_air_light-r01-checker.png[39m[0m
[   6% ] [90m[1m_update_scan_actions[22m | attack_dash_heavy-r01-checker.png[39m[0m
[   6% ] [90m[1m_update_scan_actions[22m | attack_dash_light-r01-checker.png[39m[0m
[   6% ] [90m[1m_update_scan_actions[22m | attack_air_heavy-r01-clean.png[39m[0m
[   6% ] [90m[1m_update_scan_actions[22m | attack_air_light-r01-clean.png[39m[0m
[   7% ] [90m[1m_update_scan_actions[22m | attack_dash_heavy-r01-clean.png[39m[0m
[   7% ] [90m[1m_update_scan_actions[22m | attack_dash_light-r01-clean.png[39m[0m
[   7% ] [90m[1m_update_scan_actions[22m | batch-02-overview.png[39m[0m
[   7% ] [90m[1m_update_scan_actions[22m | special_neutral-r01-clean-128.png[39m[0m
[   7% ] [90m[1m_update_scan_actions[22m | special_up-r01-clean-128.png[39m[0m
[   7% ] [90m[1m_update_scan_actions[22m | special_neutral-r01-checker.png[39m[0m
[   7% ] [90m[1m_update_scan_actions[22m | special_up-r01-checker.png[39m[0m
[   7% ] [90m[1m_update_scan_actions[22m | batch-03-overview.png[39m[0m
[   7% ] [90m[1m_update_scan_actions[22m | special_neutral-r01-clean.png[39m[0m
[   7% ] [90m[1m_update_scan_actions[22m | special_up-r01-clean.png[39m[0m
[   7% ] [90m[1m_update_scan_actions[22m | nabi-concept-v01.png[39m[0m
[   8% ] [90m[1m_update_scan_actions[22m | nabi-concept-v02-cat-human.png[39m[0m
[   8% ] [90m[1m_update_scan_actions[22m | nabi-concept-v02-human-form.png[39m[0m
[   8% ] [90m[1m_update_scan_actions[22m | nabi-concept-v03-project-style.png[39m[0m
[   8% ] [90m[1m_update_scan_actions[22m | nabi-concept-v04-chibi-attack.png[39m[0m
[   8% ] [90m[1m_update_scan_actions[22m | nabi-concept-v05-final-candidate.png[39m[0m
[   8% ] [90m[1m_update_scan_actions[22m | nabi-concept-v05-candidate-alpha.png[39m[0m
[   8% ] [90m[1m_update_scan_actions[22m | nabi-concept-v05-candidate.png[39m[0m
[   8% ] [90m[1m_update_scan_actions[22m | idle-contact-sheet.png[39m[0m
[   8% ] [90m[1m_update_scan_actions[22m | jump-contact-sheet-r02-stationary.png[39m[0m
[   8% ] [90m[1m_update_scan_actions[22m | jump-contact-sheet.png[39m[0m
[   8% ] [90m[1m_update_scan_actions[22m | run-contact-sheet.png[39m[0m
[   9% ] [90m[1m_update_scan_actions[22m | jump-contact-sheet-r02.png[39m[0m
[   9% ] [90m[1m_update_scan_actions[22m | jump-contact-sheet-r03-stationary.png[39m[0m
[   9% ] [90m[1m_update_scan_actions[22m | idle-contact-sheet.png[39m[0m
[   9% ] [90m[1m_update_scan_actions[22m | jump-contact-sheet-r02-stationary.png[39m[0m
[   9% ] [90m[1m_update_scan_actions[22m | jump-contact-sheet.png[39m[0m
[   9% ] [90m[1m_update_scan_actions[22m | run-contact-sheet.png[39m[0m
[   9% ] [90m[1m_update_scan_actions[22m | idle_16f-alpha50-preview.png[39m[0m
[   9% ] [90m[1m_update_scan_actions[22m | idle_16f-alpha80-preview.png[39m[0m
[   9% ] [90m[1m_update_scan_actions[22m | idle_16f-preview.png[39m[0m
[   9% ] [90m[1m_update_scan_actions[22m | nabi-idle-r02-alpha.png[39m[0m
[   9% ] [90m[1m_update_scan_actions[22m | nabi-idle-r02-checker.png[39m[0m
[  10% ] [90m[1m_update_scan_actions[22m | nabi-jump-r02-alpha.png[39m[0m
[  10% ] [90m[1m_update_scan_actions[22m | nabi-jump-r02-checker.png[39m[0m
[  10% ] [90m[1m_update_scan_actions[22m | nabi-run-r02-alpha.png[39m[0m
[  10% ] [90m[1m_update_scan_actions[22m | nabi-run-r02-checker.png[39m[0m
[  10% ] [90m[1m_update_scan_actions[22m | CBT_01_Match_1v1.png[39m[0m
[  10% ] [90m[1m_update_scan_actions[22m | CBT_02_Match_Solo8.png[39m[0m
[  10% ] [90m[1m_update_scan_actions[22m | CBT_03_Match_Team4v4.png[39m[0m
[  10% ] [90m[1m_update_scan_actions[22m | CBT_04_Practice.png[39m[0m
[  10% ] [90m[1m_update_scan_actions[22m | CBT_05_Pause.png[39m[0m
[  10% ] [90m[1m_update_scan_actions[22m | CBT_06_Resume.png[39m[0m
[  10% ] [90m[1m_update_scan_actions[22m | CBT_07_LeaveConfirm.png[39m[0m
[  11% ] [90m[1m_update_scan_actions[22m | CBT_08_Settings.png[39m[0m
[  11% ] [90m[1m_update_scan_actions[22m | CMP20_CBT_03_Match_Team4v4.png[39m[0m
[  11% ] [90m[1m_update_scan_actions[22m | CMP20_SCR_03_Lobby.png[39m[0m
[  11% ] [90m[1m_update_scan_actions[22m | CMP20_SCR_13_CharacterSelect.png[39m[0m
[  11% ] [90m[1m_update_scan_actions[22m | EXT_01_JobSelect.png[39m[0m
[  11% ] [90m[1m_update_scan_actions[22m | EXT_02_ArenaSelect.png[39m[0m
[  11% ] [90m[1m_update_scan_actions[22m | EXT_03_StoryChapters.png[39m[0m
[  11% ] [90m[1m_update_scan_actions[22m | EXT_04_AISetup.png[39m[0m
[  11% ] [90m[1m_update_scan_actions[22m | EXT_05_PracticeSetup.png[39m[0m
[  11% ] [90m[1m_update_scan_actions[22m | EXT_06_GeneralSettings.png[39m[0m
[  11% ] [90m[1m_update_scan_actions[22m | review-01.jpg[39m[0m
[  12% ] [90m[1m_update_scan_actions[22m | review-02.jpg[39m[0m
[  12% ] [90m[1m_update_scan_actions[22m | review-03.jpg[39m[0m
[  12% ] [90m[1m_update_scan_actions[22m | review-04.jpg[39m[0m
[  12% ] [90m[1m_update_scan_actions[22m | review-05.jpg[39m[0m
[  12% ] [90m[1m_update_scan_actions[22m | review-06.jpg[39m[0m
[  12% ] [90m[1m_update_scan_actions[22m | review-07.jpg[39m[0m
[  12% ] [90m[1m_update_scan_actions[22m | review-08.jpg[39m[0m
[  12% ] [90m[1m_update_scan_actions[22m | review-09.jpg[39m[0m
[  12% ] [90m[1m_update_scan_actions[22m | SCR_01_Splash.png[39m[0m
[  12% ] [90m[1m_update_scan_actions[22m | SCR_02_Login.png[39m[0m
[  12% ] [90m[1m_update_scan_actions[22m | SCR_03_Lobby.png[39m[0m
[  13% ] [90m[1m_update_scan_actions[22m | SCR_04_CharacterCollection.png[39m[0m
[  13% ] [90m[1m_update_scan_actions[22m | SCR_05_CharacterDetail.png[39m[0m
[  13% ] [90m[1m_update_scan_actions[22m | SCR_06_AccessoryCollection.png[39m[0m
[  13% ] [90m[1m_update_scan_actions[22m | SCR_07_AccessoryDetail.png[39m[0m
[  13% ] [90m[1m_update_scan_actions[22m | SCR_08_Preset.png[39m[0m
[  13% ] [90m[1m_update_scan_actions[22m | SCR_09_ModeSelect.png[39m[0m
[  13% ] [90m[1m_update_scan_actions[22m | SCR_10_PartyLobby.png[39m[0m
[  13% ] [90m[1m_update_scan_actions[22m | SCR_11_Matchmaking.png[39m[0m
[  13% ] [90m[1m_update_scan_actions[22m | SCR_12_MatchFound.png[39m[0m
[  13% ] [90m[1m_update_scan_actions[22m | SCR_13_CharacterSelect.png[39m[0m
[  13% ] [90m[1m_update_scan_actions[22m | SCR_14_AccessorySelect.png[39m[0m
[  14% ] [90m[1m_update_scan_actions[22m | SCR_15_Loading.png[39m[0m
[  14% ] [90m[1m_update_scan_actions[22m | SCR_16_Victory.png[39m[0m
[  14% ] [90m[1m_update_scan_actions[22m | SCR_17_ResultSummary.png[39m[0m
[  14% ] [90m[1m_update_scan_actions[22m | SCR_18_MVP.png[39m[0m
[  14% ] [90m[1m_update_scan_actions[22m | SCR_19_Shop.png[39m[0m
[  14% ] [90m[1m_update_scan_actions[22m | SCR_20_Collection.png[39m[0m
[  14% ] [90m[1m_update_scan_actions[22m | SCR_21_Mission.png[39m[0m
[  14% ] [90m[1m_update_scan_actions[22m | SCR_22_Social.png[39m[0m
[  14% ] [90m[1m_update_scan_actions[22m | SCR_23_Rank.png[39m[0m
[  14% ] [90m[1m_update_scan_actions[22m | SCR_24_Profile.png[39m[0m
[  14% ] [90m[1m_update_scan_actions[22m | STATE_CancelMatch.png[39m[0m
[  15% ] [90m[1m_update_scan_actions[22m | STATE_ConnectionError.png[39m[0m
[  15% ] [90m[1m_update_scan_actions[22m | STATE_Countdown.png[39m[0m
[  15% ] [90m[1m_update_scan_actions[22m | STATE_Defeat.png[39m[0m
[  15% ] [90m[1m_update_scan_actions[22m | STATE_Eliminated.png[39m[0m
[  15% ] [90m[1m_update_scan_actions[22m | STATE_EmptyList.png[39m[0m
[  15% ] [90m[1m_update_scan_actions[22m | STATE_Hit.png[39m[0m
[  15% ] [90m[1m_update_scan_actions[22m | STATE_OnlineMenu.png[39m[0m
[  15% ] [90m[1m_update_scan_actions[22m | STATE_Respawn.png[39m[0m
[  15% ] [90m[1m_update_scan_actions[22m | STATE_Ringout.png[39m[0m
[  15% ] [90m[1m_update_scan_actions[22m | STATE_SelectionRequired.png[39m[0m
[  15% ] [90m[1m_update_scan_actions[22m | STATE_SettingsReset.png[39m[0m
[  16% ] [90m[1m_update_scan_actions[22m | image-mapping.csv[39m[0m
[  16% ] [90m[1m_update_scan_actions[22m | ja-hyun.png[39m[0m
[  16% ] [90m[1m_update_scan_actions[22m | kit-preview.png[39m[0m
[  16% ] [90m[1m_update_scan_actions[22m | lobby.jpg[39m[0m
[  16% ] [90m[1m_update_scan_actions[22m | myo-ryung.png[39m[0m
[  16% ] [90m[1m_update_scan_actions[22m | nabi.png[39m[0m
[  16% ] [90m[1m_update_scan_actions[22m | splash.jpg[39m[0m
[  16% ] [90m[1m_update_scan_actions[22m | touch-layout.csv[39m[0m
[  16% ] [90m[1m_update_scan_actions[22m | android-back-home-physical-r01.jpg[39m[0m
[  16% ] [90m[1m_update_scan_actions[22m | android-back-pause-physical-r01.jpg[39m[0m
[  16% ] [90m[1m_update_scan_actions[22m | android-back-resume-physical-r01.jpg[39m[0m
[  17% ] [90m[1m_update_scan_actions[22m | local-ai-active-physical-r02.jpg[39m[0m
[  17% ] [90m[1m_update_scan_actions[22m | local-ai-resume-physical-r02.jpg[39m[0m
[  17% ] [90m[1m_update_scan_actions[22m | nabi-attack-physical-r01.jpg[39m[0m
[  17% ] [90m[1m_update_scan_actions[22m | nabi-persistence-physical-r01.jpg[39m[0m
[  17% ] [90m[1m_update_scan_actions[22m | nabi-result-physical-r01.jpg[39m[0m
[  17% ] [90m[1m_update_scan_actions[22m | yu-ran-motions-physical-r01.jpg[39m[0m
[  17% ] [90m[1m_update_scan_actions[22m | attack_air_heavy_16f.png[39m[0m
[  17% ] [90m[1m_update_scan_actions[22m | attack_air_heavy_contact.png[39m[0m
[  17% ] [90m[1m_update_scan_actions[22m | attack_air_light_16f.png[39m[0m
[  17% ] [90m[1m_update_scan_actions[22m | attack_air_light_contact.png[39m[0m
[  17% ] [90m[1m_update_scan_actions[22m | attack_dash_heavy_16f.png[39m[0m
[  18% ] [90m[1m_update_scan_actions[22m | attack_dash_heavy_contact.png[39m[0m
[  18% ] [90m[1m_update_scan_actions[22m | attack_dash_light_16f.png[39m[0m
[  18% ] [90m[1m_update_scan_actions[22m | attack_dash_light_contact.png[39m[0m
[  18% ] [90m[1m_update_scan_actions[22m | attack_heavy_charge_16f.png[39m[0m
[  18% ] [90m[1m_update_scan_actions[22m | attack_heavy_charge_contact.png[39m[0m
[  18% ] [90m[1m_update_scan_actions[22m | attack_heavy_down_16f.png[39m[0m
[  18% ] [90m[1m_update_scan_actions[22m | attack_heavy_down_contact.png[39m[0m
[  18% ] [90m[1m_update_scan_actions[22m | attack_heavy_side_16f.png[39m[0m
[  18% ] [90m[1m_update_scan_actions[22m | attack_heavy_side_contact.png[39m[0m
[  18% ] [90m[1m_update_scan_actions[22m | attack_heavy_up_16f.png[39m[0m
[  18% ] [90m[1m_update_scan_actions[22m | attack_heavy_up_contact.png[39m[0m
[  19% ] [90m[1m_update_scan_actions[22m | attack_light_down_16f.png[39m[0m
[  19% ] [90m[1m_update_scan_actions[22m | attack_light_down_contact.png[39m[0m
[  19% ] [90m[1m_update_scan_actions[22m | attack_light_up_16f.png[39m[0m
[  19% ] [90m[1m_update_scan_actions[22m | attack_light_up_contact.png[39m[0m
[  19% ] [90m[1m_update_scan_actions[22m | death_16f.png[39m[0m
[  19% ] [90m[1m_update_scan_actions[22m | death_contact.png[39m[0m
[  19% ] [90m[1m_update_scan_actions[22m | evade_16f.png[39m[0m
[  19% ] [90m[1m_update_scan_actions[22m | evade_contact.png[39m[0m
[  19% ] [90m[1m_update_scan_actions[22m | guard_16f.png[39m[0m
[  19% ] [90m[1m_update_scan_actions[22m | guard_contact.png[39m[0m
[  19% ] [90m[1m_update_scan_actions[22m | hitstun_16f.png[39m[0m
[  20% ] [90m[1m_update_scan_actions[22m | hitstun_contact.png[39m[0m
[  20% ] [90m[1m_update_scan_actions[22m | knock_down_16f.png[39m[0m
[  20% ] [90m[1m_update_scan_actions[22m | knock_down_contact.png[39m[0m
[  20% ] [90m[1m_update_scan_actions[22m | launch_16f.png[39m[0m
[  20% ] [90m[1m_update_scan_actions[22m | launch_contact.png[39m[0m
[  20% ] [90m[1m_update_scan_actions[22m | ring_out_16f.png[39m[0m
[  20% ] [90m[1m_update_scan_actions[22m | ring_out_contact.png[39m[0m
[  20% ] [90m[1m_update_scan_actions[22m | spawn_16f.png[39m[0m
[  20% ] [90m[1m_update_scan_actions[22m | spawn_contact.png[39m[0m
[  20% ] [90m[1m_update_scan_actions[22m | special_down_16f.png[39m[0m
[  20% ] [90m[1m_update_scan_actions[22m | special_down_contact.png[39m[0m
[  21% ] [90m[1m_update_scan_actions[22m | special_neutral_16f.png[39m[0m
[  21% ] [90m[1m_update_scan_actions[22m | special_neutral_contact.png[39m[0m
[  21% ] [90m[1m_update_scan_actions[22m | special_side_16f.png[39m[0m
[  21% ] [90m[1m_update_scan_actions[22m | special_side_contact.png[39m[0m
[  21% ] [90m[1m_update_scan_actions[22m | special_up_16f.png[39m[0m
[  21% ] [90m[1m_update_scan_actions[22m | special_up_contact.png[39m[0m
[  21% ] [90m[1m_update_scan_actions[22m | ultimate_16f.png[39m[0m
[  21% ] [90m[1m_update_scan_actions[22m | ultimate_contact.png[39m[0m
[  21% ] [90m[1m_update_scan_actions[22m | wake_up_16f.png[39m[0m
[  21% ] [90m[1m_update_scan_actions[22m | wake_up_contact.png[39m[0m
[  21% ] [90m[1m_update_scan_actions[22m | air-heavy-r01.png[39m[0m
[  22% ] [90m[1m_update_scan_actions[22m | air-light-r01.png[39m[0m
[  22% ] [90m[1m_update_scan_actions[22m | dash-heavy-r01.png[39m[0m
[  22% ] [90m[1m_update_scan_actions[22m | dash-light-r01.png[39m[0m
[  22% ] [90m[1m_update_scan_actions[22m | death-r01.png[39m[0m
[  22% ] [90m[1m_update_scan_actions[22m | evade-r01.png[39m[0m
[  22% ] [90m[1m_update_scan_actions[22m | guard-r01.png[39m[0m
[  22% ] [90m[1m_update_scan_actions[22m | heavy-charge-r01.png[39m[0m
[  22% ] [90m[1m_update_scan_actions[22m | heavy-charge-r02.png[39m[0m
[  22% ] [90m[1m_update_scan_actions[22m | heavy-down-r01.png[39m[0m
[  22% ] [90m[1m_update_scan_actions[22m | heavy-side-r01.png[39m[0m
[  22% ] [90m[1m_update_scan_actions[22m | heavy-up-r01.png[39m[0m
[  23% ] [90m[1m_update_scan_actions[22m | hitstun-r01.png[39m[0m
[  23% ] [90m[1m_update_scan_actions[22m | knock-down-r01.png[39m[0m
[  23% ] [90m[1m_update_scan_actions[22m | launch-r01.png[39m[0m
[  23% ] [90m[1m_update_scan_actions[22m | light-down-r01.png[39m[0m
[  23% ] [90m[1m_update_scan_actions[22m | light-up-r01.png[39m[0m
[  23% ] [90m[1m_update_scan_actions[22m | ring-out-r01.png[39m[0m
[  23% ] [90m[1m_update_scan_actions[22m | spawn-r01.png[39m[0m
[  23% ] [90m[1m_update_scan_actions[22m | spawn-r02.png[39m[0m
[  23% ] [90m[1m_update_scan_actions[22m | special-down-r01.png[39m[0m
[  23% ] [90m[1m_update_scan_actions[22m | special-neutral-r01.png[39m[0m
[  23% ] [90m[1m_update_scan_actions[22m | special-side-r01.png[39m[0m
[  24% ] [90m[1m_update_scan_actions[22m | special-up-r01.png[39m[0m
[  24% ] [90m[1m_update_scan_actions[22m | ultimate-r01.png[39m[0m
[  24% ] [90m[1m_update_scan_actions[22m | wake-up-r01.png[39m[0m
[  24% ] [90m[1m_update_scan_actions[22m | attack_air_heavy_16f.png[39m[0m
[  24% ] [90m[1m_update_scan_actions[22m | attack_air_heavy_contact.png[39m[0m
[  24% ] [90m[1m_update_scan_actions[22m | attack_air_light_16f.png[39m[0m
[  24% ] [90m[1m_update_scan_actions[22m | attack_air_light_contact.png[39m[0m
[  24% ] [90m[1m_update_scan_actions[22m | attack_dash_heavy_16f.png[39m[0m
[  24% ] [90m[1m_update_scan_actions[22m | attack_dash_heavy_contact.png[39m[0m
[  24% ] [90m[1m_update_scan_actions[22m | attack_dash_light_16f.png[39m[0m
[  24% ] [90m[1m_update_scan_actions[22m | attack_dash_light_contact.png[39m[0m
[  25% ] [90m[1m_update_scan_actions[22m | attack_heavy_charge_16f.png[39m[0m
[  25% ] [90m[1m_update_scan_actions[22m | attack_heavy_charge_contact.png[39m[0m
[  25% ] [90m[1m_update_scan_actions[22m | attack_heavy_down_16f.png[39m[0m
[  25% ] [90m[1m_update_scan_actions[22m | attack_heavy_down_contact.png[39m[0m
[  25% ] [90m[1m_update_scan_actions[22m | attack_heavy_side_16f.png[39m[0m
[  25% ] [90m[1m_update_scan_actions[22m | attack_heavy_side_contact.png[39m[0m
[  25% ] [90m[1m_update_scan_actions[22m | attack_heavy_up_16f.png[39m[0m
[  25% ] [90m[1m_update_scan_actions[22m | attack_heavy_up_contact.png[39m[0m
[  25% ] [90m[1m_update_scan_actions[22m | attack_light_down_16f.png[39m[0m
[  25% ] [90m[1m_update_scan_actions[22m | attack_light_down_contact.png[39m[0m
[  25% ] [90m[1m_update_scan_actions[22m | attack_light_up_16f.png[39m[0m
[  26% ] [90m[1m_update_scan_actions[22m | attack_light_up_contact.png[39m[0m
[  26% ] [90m[1m_update_scan_actions[22m | death_16f.png[39m[0m
[  26% ] [90m[1m_update_scan_actions[22m | death_contact.png[39m[0m
[  26% ] [90m[1m_update_scan_actions[22m | evade_16f.png[39m[0m
[  26% ] [90m[1m_update_scan_actions[22m | evade_contact.png[39m[0m
[  26% ] [90m[1m_update_scan_actions[22m | guard_16f.png[39m[0m
[  26% ] [90m[1m_update_scan_actions[22m | guard_contact.png[39m[0m
[  26% ] [90m[1m_update_scan_actions[22m | hitstun_16f.png[39m[0m
[  26% ] [90m[1m_update_scan_actions[22m | hitstun_contact.png[39m[0m
[  26% ] [90m[1m_update_scan_actions[22m | knock_down_16f.png[39m[0m
[  26% ] [90m[1m_update_scan_actions[22m | knock_down_contact.png[39m[0m
[  27% ] [90m[1m_update_scan_actions[22m | launch_16f.png[39m[0m
[  27% ] [90m[1m_update_scan_actions[22m | launch_contact.png[39m[0m
[  27% ] [90m[1m_update_scan_actions[22m | ring_out_16f.png[39m[0m
[  27% ] [90m[1m_update_scan_actions[22m | ring_out_contact.png[39m[0m
[  27% ] [90m[1m_update_scan_actions[22m | spawn_16f.png[39m[0m
[  27% ] [90m[1m_update_scan_actions[22m | spawn_contact.png[39m[0m
[  27% ] [90m[1m_update_scan_actions[22m | special_down_16f.png[39m[0m
[  27% ] [90m[1m_update_scan_actions[22m | special_down_contact.png[39m[0m
[  27% ] [90m[1m_update_scan_actions[22m | special_neutral_16f.png[39m[0m
[  27% ] [90m[1m_update_scan_actions[22m | special_neutral_contact.png[39m[0m
[  27% ] [90m[1m_update_scan_actions[22m | special_side_16f.png[39m[0m
[  28% ] [90m[1m_update_scan_actions[22m | special_side_contact.png[39m[0m
[  28% ] [90m[1m_update_scan_actions[22m | special_up_16f.png[39m[0m
[  28% ] [90m[1m_update_scan_actions[22m | special_up_contact.png[39m[0m
[  28% ] [90m[1m_update_scan_actions[22m | ultimate_16f.png[39m[0m
[  28% ] [90m[1m_update_scan_actions[22m | ultimate_contact.png[39m[0m
[  28% ] [90m[1m_update_scan_actions[22m | wake_up_16f.png[39m[0m
[  28% ] [90m[1m_update_scan_actions[22m | wake_up_contact.png[39m[0m
[  28% ] [90m[1m_update_scan_actions[22m | air-heavy-r01.png[39m[0m
[  28% ] [90m[1m_update_scan_actions[22m | air-light-r01.png[39m[0m
[  28% ] [90m[1m_update_scan_actions[22m | dash-heavy-r01.png[39m[0m
[  28% ] [90m[1m_update_scan_actions[22m | dash-light-r01.png[39m[0m
[  29% ] [90m[1m_update_scan_actions[22m | death-r01.png[39m[0m
[  29% ] [90m[1m_update_scan_actions[22m | evade-r01.png[39m[0m
[  29% ] [90m[1m_update_scan_actions[22m | guard-r01.png[39m[0m
[  29% ] [90m[1m_update_scan_actions[22m | heavy-charge-r01.png[39m[0m
[  29% ] [90m[1m_update_scan_actions[22m | heavy-down-r01.png[39m[0m
[  29% ] [90m[1m_update_scan_actions[22m | heavy-side-r01.png[39m[0m
[  29% ] [90m[1m_update_scan_actions[22m | heavy-up-r01.png[39m[0m
[  29% ] [90m[1m_update_scan_actions[22m | hitstun-r01.png[39m[0m
[  29% ] [90m[1m_update_scan_actions[22m | knock-down-r01.png[39m[0m
[  29% ] [90m[1m_update_scan_actions[22m | launch-r01.png[39m[0m
[  29% ] [90m[1m_update_scan_actions[22m | light-down-r01.png[39m[0m
[  30% ] [90m[1m_update_scan_actions[22m | light-up-r01.png[39m[0m
[  30% ] [90m[1m_update_scan_actions[22m | ring-out-r01.png[39m[0m
[  30% ] [90m[1m_update_scan_actions[22m | spawn-r01.png[39m[0m
[  30% ] [90m[1m_update_scan_actions[22m | special-down-r01.png[39m[0m
[  30% ] [90m[1m_update_scan_actions[22m | special-neutral-r01.png[39m[0m
[  30% ] [90m[1m_update_scan_actions[22m | special-side-r01.png[39m[0m
[  30% ] [90m[1m_update_scan_actions[22m | special-up-r01.png[39m[0m
[  30% ] [90m[1m_update_scan_actions[22m | ultimate-r01-rejected-background.png[39m[0m
[  30% ] [90m[1m_update_scan_actions[22m | ultimate-r02.png[39m[0m
[  30% ] [90m[1m_update_scan_actions[22m | wake-up-r01.png[39m[0m
[  30% ] [90m[1m_update_scan_actions[22m | attack_air_heavy_16f.png[39m[0m
[  31% ] [90m[1m_update_scan_actions[22m | attack_air_heavy_contact.png[39m[0m
[  31% ] [90m[1m_update_scan_actions[22m | attack_air_light_16f.png[39m[0m
[  31% ] [90m[1m_update_scan_actions[22m | attack_air_light_contact.png[39m[0m
[  31% ] [90m[1m_update_scan_actions[22m | attack_dash_heavy_16f.png[39m[0m
[  31% ] [90m[1m_update_scan_actions[22m | attack_dash_heavy_contact.png[39m[0m
[  31% ] [90m[1m_update_scan_actions[22m | attack_dash_light_16f.png[39m[0m
[  31% ] [90m[1m_update_scan_actions[22m | attack_dash_light_contact.png[39m[0m
[  31% ] [90m[1m_update_scan_actions[22m | attack_heavy_charge_16f.png[39m[0m
[  31% ] [90m[1m_update_scan_actions[22m | attack_heavy_charge_contact.png[39m[0m
[  31% ] [90m[1m_update_scan_actions[22m | attack_heavy_down_16f.png[39m[0m
[  31% ] [90m[1m_update_scan_actions[22m | attack_heavy_down_contact.png[39m[0m
[  32% ] [90m[1m_update_scan_actions[22m | attack_heavy_side_16f.png[39m[0m
[  32% ] [90m[1m_update_scan_actions[22m | attack_heavy_side_contact.png[39m[0m
[  32% ] [90m[1m_update_scan_actions[22m | attack_heavy_up_16f.png[39m[0m
[  32% ] [90m[1m_update_scan_actions[22m | attack_heavy_up_contact.png[39m[0m
[  32% ] [90m[1m_update_scan_actions[22m | attack_light_combo_01_16f.png[39m[0m
[  32% ] [90m[1m_update_scan_actions[22m | attack_light_combo_01_contact.png[39m[0m
[  32% ] [90m[1m_update_scan_actions[22m | attack_light_combo_02_16f.png[39m[0m
[  32% ] [90m[1m_update_scan_actions[22m | attack_light_combo_02_contact.png[39m[0m
[  32% ] [90m[1m_update_scan_actions[22m | attack_light_down_16f.png[39m[0m
[  32% ] [90m[1m_update_scan_actions[22m | attack_light_down_contact.png[39m[0m
[  32% ] [90m[1m_update_scan_actions[22m | attack_light_up_16f.png[39m[0m
[  33% ] [90m[1m_update_scan_actions[22m | attack_light_up_contact.png[39m[0m
[  33% ] [90m[1m_update_scan_actions[22m | death_16f.png[39m[0m
[  33% ] [90m[1m_update_scan_actions[22m | death_contact.png[39m[0m
[  33% ] [90m[1m_update_scan_actions[22m | evade_16f.png[39m[0m
[  33% ] [90m[1m_update_scan_actions[22m | evade_contact.png[39m[0m
[  33% ] [90m[1m_update_scan_actions[22m | guard_16f.png[39m[0m
[  33% ] [90m[1m_update_scan_actions[22m | guard_contact.png[39m[0m
[  33% ] [90m[1m_update_scan_actions[22m | hitstun_16f.png[39m[0m
[  33% ] [90m[1m_update_scan_actions[22m | hitstun_contact.png[39m[0m
[  33% ] [90m[1m_update_scan_actions[22m | knock_down_16f.png[39m[0m
[  34% ] [90m[1m_update_scan_actions[22m | knock_down_contact.png[39m[0m
[  34% ] [90m[1m_update_scan_actions[22m | launch_16f.png[39m[0m
[  34% ] [90m[1m_update_scan_actions[22m | launch_contact.png[39m[0m
[  34% ] [90m[1m_update_scan_actions[22m | ring_out_16f.png[39m[0m
[  34% ] [90m[1m_update_scan_actions[22m | ring_out_contact.png[39m[0m
[  34% ] [90m[1m_update_scan_actions[22m | spawn_16f.png[39m[0m
[  34% ] [90m[1m_update_scan_actions[22m | spawn_contact.png[39m[0m
[  34% ] [90m[1m_update_scan_actions[22m | special_down_16f.png[39m[0m
[  34% ] [90m[1m_update_scan_actions[22m | special_down_contact.png[39m[0m
[  34% ] [90m[1m_update_scan_actions[22m | special_neutral_16f.png[39m[0m
[  34% ] [90m[1m_update_scan_actions[22m | special_neutral_contact.png[39m[0m
[  35% ] [90m[1m_update_scan_actions[22m | special_side_16f.png[39m[0m
[  35% ] [90m[1m_update_scan_actions[22m | special_side_contact.png[39m[0m
[  35% ] [90m[1m_update_scan_actions[22m | special_up_16f.png[39m[0m
[  35% ] [90m[1m_update_scan_actions[22m | special_up_contact.png[39m[0m
[  35% ] [90m[1m_update_scan_actions[22m | ultimate_16f.png[39m[0m
[  35% ] [90m[1m_update_scan_actions[22m | ultimate_contact.png[39m[0m
[  35% ] [90m[1m_update_scan_actions[22m | wake_up_16f.png[39m[0m
[  35% ] [90m[1m_update_scan_actions[22m | wake_up_contact.png[39m[0m
[  35% ] [90m[1m_update_scan_actions[22m | air-heavy-r01.png[39m[0m
[  35% ] [90m[1m_update_scan_actions[22m | air-light-r01.png[39m[0m
[  35% ] [90m[1m_update_scan_actions[22m | dash-heavy-r02.png[39m[0m
[  36% ] [90m[1m_update_scan_actions[22m | dash-light-r02.png[39m[0m
[  36% ] [90m[1m_update_scan_actions[22m | death-r01.png[39m[0m
[  36% ] [90m[1m_update_scan_actions[22m | evade-r01-rejected-background.png[39m[0m
[  36% ] [90m[1m_update_scan_actions[22m | evade-r02.png[39m[0m
[  36% ] [90m[1m_update_scan_actions[22m | guard-r01.png[39m[0m
[  36% ] [90m[1m_update_scan_actions[22m | heavy-charge-r01.png[39m[0m
[  36% ] [90m[1m_update_scan_actions[22m | heavy-down-r02.png[39m[0m
[  36% ] [90m[1m_update_scan_actions[22m | heavy-side-r01.png[39m[0m
[  36% ] [90m[1m_update_scan_actions[22m | heavy-up-r02.png[39m[0m
[  36% ] [90m[1m_update_scan_actions[22m | hitstun-r01.png[39m[0m
[  36% ] [90m[1m_update_scan_actions[22m | knock-down-r01.png[39m[0m
[  37% ] [90m[1m_update_scan_actions[22m | launch-r01.png[39m[0m
[  37% ] [90m[1m_update_scan_actions[22m | light01-alpha-r01-rejected.png[39m[0m
[  37% ] [90m[1m_update_scan_actions[22m | light01-r01.png[39m[0m
[  37% ] [90m[1m_update_scan_actions[22m | light01-r02.png[39m[0m
[  37% ] [90m[1m_update_scan_actions[22m | light01-r03.png[39m[0m
[  37% ] [90m[1m_update_scan_actions[22m | light01-r04.png[39m[0m
[  37% ] [90m[1m_update_scan_actions[22m | light02-r01.png[39m[0m
[  37% ] [90m[1m_update_scan_actions[22m | light-down-r02.png[39m[0m
[  37% ] [90m[1m_update_scan_actions[22m | light-up-r01.png[39m[0m
[  37% ] [90m[1m_update_scan_actions[22m | ring-out-r01.png[39m[0m
[  37% ] [90m[1m_update_scan_actions[22m | spawn-r01.png[39m[0m
[  38% ] [90m[1m_update_scan_actions[22m | special-down-r02.png[39m[0m
[  38% ] [90m[1m_update_scan_actions[22m | special-neutral-r02.png[39m[0m
[  38% ] [90m[1m_update_scan_actions[22m | special-side-r02.png[39m[0m
[  38% ] [90m[1m_update_scan_actions[22m | special-up-r02.png[39m[0m
[  38% ] [90m[1m_update_scan_actions[22m | ultimate-r03.png[39m[0m
[  38% ] [90m[1m_update_scan_actions[22m | wake-up-r01.png[39m[0m
[  38% ] [90m[1m_update_scan_actions[22m | attack_air_heavy_16f.png[39m[0m
[  38% ] [90m[1m_update_scan_actions[22m | attack_air_heavy_contact.png[39m[0m
[  38% ] [90m[1m_update_scan_actions[22m | attack_air_light_16f.png[39m[0m
[  38% ] [90m[1m_update_scan_actions[22m | attack_air_light_contact.png[39m[0m
[  38% ] [90m[1m_update_scan_actions[22m | attack_dash_heavy_16f.png[39m[0m
[  39% ] [90m[1m_update_scan_actions[22m | attack_dash_heavy_contact.png[39m[0m
[  39% ] [90m[1m_update_scan_actions[22m | attack_dash_light_16f.png[39m[0m
[  39% ] [90m[1m_update_scan_actions[22m | attack_dash_light_contact.png[39m[0m
[  39% ] [90m[1m_update_scan_actions[22m | attack_heavy_charge_16f.png[39m[0m
[  39% ] [90m[1m_update_scan_actions[22m | attack_heavy_charge_contact.png[39m[0m
[  39% ] [90m[1m_update_scan_actions[22m | attack_heavy_down_16f.png[39m[0m
[  39% ] [90m[1m_update_scan_actions[22m | attack_heavy_down_contact.png[39m[0m
[  39% ] [90m[1m_update_scan_actions[22m | attack_heavy_side_16f.png[39m[0m
[  39% ] [90m[1m_update_scan_actions[22m | attack_heavy_side_contact.png[39m[0m
[  39% ] [90m[1m_update_scan_actions[22m | attack_heavy_up_16f.png[39m[0m
[  39% ] [90m[1m_update_scan_actions[22m | attack_heavy_up_contact.png[39m[0m
[  40% ] [90m[1m_update_scan_actions[22m | attack_light_combo_01_16f.png[39m[0m
[  40% ] [90m[1m_update_scan_actions[22m | attack_light_combo_01_contact.png[39m[0m
[  40% ] [90m[1m_update_scan_actions[22m | attack_light_combo_02_16f.png[39m[0m
[  40% ] [90m[1m_update_scan_actions[22m | attack_light_combo_02_contact.png[39m[0m
[  40% ] [90m[1m_update_scan_actions[22m | attack_light_combo_03_16f.png[39m[0m
[  40% ] [90m[1m_update_scan_actions[22m | attack_light_combo_03_contact.png[39m[0m
[  40% ] [90m[1m_update_scan_actions[22m | attack_light_down_16f.png[39m[0m
[  40% ] [90m[1m_update_scan_actions[22m | attack_light_down_contact.png[39m[0m
[  40% ] [90m[1m_update_scan_actions[22m | attack_light_up_16f.png[39m[0m
[  40% ] [90m[1m_update_scan_actions[22m | attack_light_up_contact.png[39m[0m
[  40% ] [90m[1m_update_scan_actions[22m | death_16f.png[39m[0m
[  41% ] [90m[1m_update_scan_actions[22m | death_contact.png[39m[0m
[  41% ] [90m[1m_update_scan_actions[22m | evade_16f.png[39m[0m
[  41% ] [90m[1m_update_scan_actions[22m | evade_contact.png[39m[0m
[  41% ] [90m[1m_update_scan_actions[22m | guard_16f.png[39m[0m
[  41% ] [90m[1m_update_scan_actions[22m | guard_contact.png[39m[0m
[  41% ] [90m[1m_update_scan_actions[22m | hitstun_16f.png[39m[0m
[  41% ] [90m[1m_update_scan_actions[22m | hitstun_contact.png[39m[0m
[  41% ] [90m[1m_update_scan_actions[22m | knock_down_16f.png[39m[0m
[  41% ] [90m[1m_update_scan_actions[22m | knock_down_contact.png[39m[0m
[  41% ] [90m[1m_update_scan_actions[22m | launch_16f.png[39m[0m
[  41% ] [90m[1m_update_scan_actions[22m | launch_contact.png[39m[0m
[  42% ] [90m[1m_update_scan_actions[22m | ring_out_16f.png[39m[0m
[  42% ] [90m[1m_update_scan_actions[22m | ring_out_contact.png[39m[0m
[  42% ] [90m[1m_update_scan_actions[22m | spawn_16f.png[39m[0m
[  42% ] [90m[1m_update_scan_actions[22m | spawn_contact.png[39m[0m
[  42% ] [90m[1m_update_scan_actions[22m | special_down_16f.png[39m[0m
[  42% ] [90m[1m_update_scan_actions[22m | special_down_contact.png[39m[0m
[  42% ] [90m[1m_update_scan_actions[22m | special_neutral_16f.png[39m[0m
[  42% ] [90m[1m_update_scan_actions[22m | special_neutral_contact.png[39m[0m
[  42% ] [90m[1m_update_scan_actions[22m | special_side_16f.png[39m[0m
[  42% ] [90m[1m_update_scan_actions[22m | special_side_contact.png[39m[0m
[  42% ] [90m[1m_update_scan_actions[22m | special_up_16f.png[39m[0m
[  43% ] [90m[1m_update_scan_actions[22m | special_up_contact.png[39m[0m
[  43% ] [90m[1m_update_scan_actions[22m | ultimate_16f.png[39m[0m
[  43% ] [90m[1m_update_scan_actions[22m | ultimate_contact.png[39m[0m
[  43% ] [90m[1m_update_scan_actions[22m | wake_up_16f.png[39m[0m
[  43% ] [90m[1m_update_scan_actions[22m | wake_up_contact.png[39m[0m
[  43% ] [90m[1m_update_scan_actions[22m | air-heavy-r01.png[39m[0m
[  43% ] [90m[1m_update_scan_actions[22m | air-heavy-r02.png[39m[0m
[  43% ] [90m[1m_update_scan_actions[22m | air-light-r01.png[39m[0m
[  43% ] [90m[1m_update_scan_actions[22m | attack-heavy-charge-r01.png[39m[0m
[  43% ] [90m[1m_update_scan_actions[22m | dash-heavy-r01.png[39m[0m
[  43% ] [90m[1m_update_scan_actions[22m | dash-heavy-r02.png[39m[0m
[  44% ] [90m[1m_update_scan_actions[22m | dash-light-r01.png[39m[0m
[  44% ] [90m[1m_update_scan_actions[22m | death-r01.png[39m[0m
[  44% ] [90m[1m_update_scan_actions[22m | evade-r01.png[39m[0m
[  44% ] [90m[1m_update_scan_actions[22m | evade-r02.png[39m[0m
[  44% ] [90m[1m_update_scan_actions[22m | guard-r01.png[39m[0m
[  44% ] [90m[1m_update_scan_actions[22m | guard-r02.png[39m[0m
[  44% ] [90m[1m_update_scan_actions[22m | heavy-down-r01.png[39m[0m
[  44% ] [90m[1m_update_scan_actions[22m | heavy-side-r01.png[39m[0m
[  44% ] [90m[1m_update_scan_actions[22m | heavy-side-r02.png[39m[0m
[  44% ] [90m[1m_update_scan_actions[22m | heavy-up-r01.png[39m[0m
[  44% ] [90m[1m_update_scan_actions[22m | heavy-up-r02.png[39m[0m
[  45% ] [90m[1m_update_scan_actions[22m | hitstun-r01.png[39m[0m
[  45% ] [90m[1m_update_scan_actions[22m | knock-down-r01.png[39m[0m
[  45% ] [90m[1m_update_scan_actions[22m | launch-r01.png[39m[0m
[  45% ] [90m[1m_update_scan_actions[22m | light01-r01.png[39m[0m
[  45% ] [90m[1m_update_scan_actions[22m | light01-r02.png[39m[0m
[  45% ] [90m[1m_update_scan_actions[22m | light02-r01.png[39m[0m
[  45% ] [90m[1m_update_scan_actions[22m | light02-r02.png[39m[0m
[  45% ] [90m[1m_update_scan_actions[22m | light03-r01.png[39m[0m
[  45% ] [90m[1m_update_scan_actions[22m | light03-r02.png[39m[0m
[  45% ] [90m[1m_update_scan_actions[22m | light03-r03.png[39m[0m
[  45% ] [90m[1m_update_scan_actions[22m | light-down-r01.png[39m[0m
[  46% ] [90m[1m_update_scan_actions[22m | light-up-r01.png[39m[0m
[  46% ] [90m[1m_update_scan_actions[22m | light-up-r02.png[39m[0m
[  46% ] [90m[1m_update_scan_actions[22m | ring-out-r01.png[39m[0m
[  46% ] [90m[1m_update_scan_actions[22m | spawn-r01.png[39m[0m
[  46% ] [90m[1m_update_scan_actions[22m | special-down-r01.png[39m[0m
[  46% ] [90m[1m_update_scan_actions[22m | special-neutral-r01.png[39m[0m
[  46% ] [90m[1m_update_scan_actions[22m | special-side-r01.png[39m[0m
[  46% ] [90m[1m_update_scan_actions[22m | special-up-r01.png[39m[0m
[  46% ] [90m[1m_update_scan_actions[22m | special-up-r02.png[39m[0m
[  46% ] [90m[1m_update_scan_actions[22m | ultimate-r01.png[39m[0m
[  46% ] [90m[1m_update_scan_actions[22m | wake-up-r01.png[39m[0m
[  47% ] [90m[1m_update_scan_actions[22m | android-emulator-2400x1080.png[39m[0m
[  47% ] [90m[1m_update_scan_actions[22m | idle-r01.png[39m[0m
[  47% ] [90m[1m_update_scan_actions[22m | idle-r02-alpha.png[39m[0m
[  47% ] [90m[1m_update_scan_actions[22m | jump-r01.png[39m[0m
[  47% ] [90m[1m_update_scan_actions[22m | jump-r02-alpha.png[39m[0m
[  47% ] [90m[1m_update_scan_actions[22m | run-r01.png[39m[0m
[  47% ] [90m[1m_update_scan_actions[22m | run-r02-alpha.png[39m[0m
[  47% ] [90m[1m_update_scan_actions[22m | run-r03-alpha.png[39m[0m
[  47% ] [90m[1m_update_scan_actions[22m | run-r04-alpha-local.png[39m[0m
[  47% ] [90m[1m_update_scan_actions[22m | attack_air_heavy_16f.png[39m[0m
[  47% ] [90m[1m_update_scan_actions[22m | attack_air_light_16f.png[39m[0m
[  48% ] [90m[1m_update_scan_actions[22m | attack_dash_heavy_16f.png[39m[0m
[  48% ] [90m[1m_update_scan_actions[22m | attack_dash_light_16f.png[39m[0m
[  48% ] [90m[1m_update_scan_actions[22m | attack_heavy_charge_16f.png[39m[0m
[  48% ] [90m[1m_update_scan_actions[22m | attack_heavy_down_16f.png[39m[0m
[  48% ] [90m[1m_update_scan_actions[22m | attack_heavy_side_16f.png[39m[0m
[  48% ] [90m[1m_update_scan_actions[22m | attack_heavy_up_16f.png[39m[0m
[  48% ] [90m[1m_update_scan_actions[22m | attack_light_down_16f.png[39m[0m
[  48% ] [90m[1m_update_scan_actions[22m | attack_light_up_16f.png[39m[0m
[  48% ] [90m[1m_update_scan_actions[22m | death_16f.png[39m[0m
[  48% ] [90m[1m_update_scan_actions[22m | evade_16f.png[39m[0m
[  48% ] [90m[1m_update_scan_actions[22m | guard_16f.png[39m[0m
[  49% ] [90m[1m_update_scan_actions[22m | hitstun_16f.png[39m[0m
[  49% ] [90m[1m_update_scan_actions[22m | knock_down_16f.png[39m[0m
[  49% ] [90m[1m_update_scan_actions[22m | launch_16f.png[39m[0m
[  49% ] [90m[1m_update_scan_actions[22m | ring_out_16f.png[39m[0m
[  49% ] [90m[1m_update_scan_actions[22m | spawn_16f.png[39m[0m
[  49% ] [90m[1m_update_scan_actions[22m | special_down_16f.png[39m[0m
[  49% ] [90m[1m_update_scan_actions[22m | special_neutral_16f.png[39m[0m
[  49% ] [90m[1m_update_scan_actions[22m | special_side_16f.png[39m[0m
[  49% ] [90m[1m_update_scan_actions[22m | special_up_16f.png[39m[0m
[  49% ] [90m[1m_update_scan_actions[22m | ultimate_16f.png[39m[0m
[  49% ] [90m[1m_update_scan_actions[22m | wake_up_16f.png[39m[0m
[  50% ] [90m[1m_update_scan_actions[22m | attack_light_combo_01_16f.png[39m[0m
[  50% ] [90m[1m_update_scan_actions[22m | attack_light_combo_02_16f.png[39m[0m
[  50% ] [90m[1m_update_scan_actions[22m | attack_light_combo_03_16f.png[39m[0m
[  50% ] [90m[1m_update_scan_actions[22m | idle_16f.png[39m[0m
[  50% ] [90m[1m_update_scan_actions[22m | jump_16f.png[39m[0m
[  50% ] [90m[1m_update_scan_actions[22m | run_16f.png[39m[0m
[  50% ] [90m[1m_update_scan_actions[22m | ja-hyun-concept-v01.png[39m[0m
[  50% ] [90m[1m_update_scan_actions[22m | attack_air_heavy_16f.png[39m[0m
[  50% ] [90m[1m_update_scan_actions[22m | attack_air_light_16f.png[39m[0m
[  50% ] [90m[1m_update_scan_actions[22m | attack_dash_heavy_16f.png[39m[0m
[  50% ] [90m[1m_update_scan_actions[22m | attack_dash_light_16f.png[39m[0m
[  51% ] [90m[1m_update_scan_actions[22m | attack_heavy_charge_16f.png[39m[0m
[  51% ] [90m[1m_update_scan_actions[22m | attack_heavy_down_16f.png[39m[0m
[  51% ] [90m[1m_update_scan_actions[22m | attack_heavy_side_16f.png[39m[0m
[  51% ] [90m[1m_update_scan_actions[22m | attack_heavy_up_16f.png[39m[0m
[  51% ] [90m[1m_update_scan_actions[22m | attack_light_down_16f.png[39m[0m
[  51% ] [90m[1m_update_scan_actions[22m | attack_light_up_16f.png[39m[0m
[  51% ] [90m[1m_update_scan_actions[22m | death_16f.png[39m[0m
[  51% ] [90m[1m_update_scan_actions[22m | evade_16f.png[39m[0m
[  51% ] [90m[1m_update_scan_actions[22m | guard_16f.png[39m[0m
[  51% ] [90m[1m_update_scan_actions[22m | hitstun_16f.png[39m[0m
[  51% ] [90m[1m_update_scan_actions[22m | knock_down_16f.png[39m[0m
[  52% ] [90m[1m_update_scan_actions[22m | launch_16f.png[39m[0m
[  52% ] [90m[1m_update_scan_actions[22m | ring_out_16f.png[39m[0m
[  52% ] [90m[1m_update_scan_actions[22m | spawn_16f.png[39m[0m
[  52% ] [90m[1m_update_scan_actions[22m | special_down_16f.png[39m[0m
[  52% ] [90m[1m_update_scan_actions[22m | special_neutral_16f.png[39m[0m
[  52% ] [90m[1m_update_scan_actions[22m | special_side_16f.png[39m[0m
[  52% ] [90m[1m_update_scan_actions[22m | special_up_16f.png[39m[0m
[  52% ] [90m[1m_update_scan_actions[22m | ultimate_16f.png[39m[0m
[  52% ] [90m[1m_update_scan_actions[22m | wake_up_16f.png[39m[0m
[  52% ] [90m[1m_update_scan_actions[22m | attack_light_combo_01_16f.png[39m[0m
[  52% ] [90m[1m_update_scan_actions[22m | attack_light_combo_02_16f.png[39m[0m
[  53% ] [90m[1m_update_scan_actions[22m | attack_light_combo_03_16f.png[39m[0m
[  53% ] [90m[1m_update_scan_actions[22m | attack_light_combo_04_16f.png[39m[0m
[  53% ] [90m[1m_update_scan_actions[22m | idle_16f.png[39m[0m
[  53% ] [90m[1m_update_scan_actions[22m | jump_16f.png[39m[0m
[  53% ] [90m[1m_update_scan_actions[22m | run_16f.png[39m[0m
[  53% ] [90m[1m_update_scan_actions[22m | myo-ryung-concept-v01.png[39m[0m
[  53% ] [90m[1m_update_scan_actions[22m | attack_air_heavy_16f.png[39m[0m
[  53% ] [90m[1m_update_scan_actions[22m | attack_air_light_16f.png[39m[0m
[  53% ] [90m[1m_update_scan_actions[22m | attack_dash_heavy_16f.png[39m[0m
[  53% ] [90m[1m_update_scan_actions[22m | attack_dash_light_16f.png[39m[0m
[  53% ] [90m[1m_update_scan_actions[22m | attack_heavy_charge_16f.png[39m[0m
[  54% ] [90m[1m_update_scan_actions[22m | attack_heavy_down_16f.png[39m[0m
[  54% ] [90m[1m_update_scan_actions[22m | attack_heavy_side_16f.png[39m[0m
[  54% ] [90m[1m_update_scan_actions[22m | attack_heavy_up_16f.png[39m[0m
[  54% ] [90m[1m_update_scan_actions[22m | attack_light_combo_01_16f.png[39m[0m
[  54% ] [90m[1m_update_scan_actions[22m | attack_light_combo_02_16f.png[39m[0m
[  54% ] [90m[1m_update_scan_actions[22m | attack_light_down_16f.png[39m[0m
[  54% ] [90m[1m_update_scan_actions[22m | attack_light_up_16f.png[39m[0m
[  54% ] [90m[1m_update_scan_actions[22m | death_16f.png[39m[0m
[  54% ] [90m[1m_update_scan_actions[22m | evade_16f.png[39m[0m
[  54% ] [90m[1m_update_scan_actions[22m | guard_16f.png[39m[0m
[  54% ] [90m[1m_update_scan_actions[22m | hitstun_16f.png[39m[0m
[  55% ] [90m[1m_update_scan_actions[22m | knock_down_16f.png[39m[0m
[  55% ] [90m[1m_update_scan_actions[22m | launch_16f.png[39m[0m
[  55% ] [90m[1m_update_scan_actions[22m | ring_out_16f.png[39m[0m
[  55% ] [90m[1m_update_scan_actions[22m | spawn_16f.png[39m[0m
[  55% ] [90m[1m_update_scan_actions[22m | special_down_16f.png[39m[0m
[  55% ] [90m[1m_update_scan_actions[22m | special_neutral_16f.png[39m[0m
[  55% ] [90m[1m_update_scan_actions[22m | special_side_16f.png[39m[0m
[  55% ] [90m[1m_update_scan_actions[22m | special_up_16f.png[39m[0m
[  55% ] [90m[1m_update_scan_actions[22m | ultimate_16f.png[39m[0m
[  55% ] [90m[1m_update_scan_actions[22m | wake_up_16f.png[39m[0m
[  55% ] [90m[1m_update_scan_actions[22m | attack_light_combo_01_16f.png[39m[0m
[  56% ] [90m[1m_update_scan_actions[22m | attack_light_combo_02_16f.png[39m[0m
[  56% ] [90m[1m_update_scan_actions[22m | idle_16f.png[39m[0m
[  56% ] [90m[1m_update_scan_actions[22m | jump_16f.png[39m[0m
[  56% ] [90m[1m_update_scan_actions[22m | run_16f.png[39m[0m
[  56% ] [90m[1m_update_scan_actions[22m | nabi-concept-v01.png[39m[0m
[  56% ] [90m[1m_update_scan_actions[22m | attack_air_heavy_16f.png[39m[0m
[  56% ] [90m[1m_update_scan_actions[22m | attack_air_light_16f.png[39m[0m
[  56% ] [90m[1m_update_scan_actions[22m | attack_dash_heavy_16f.png[39m[0m
[  56% ] [90m[1m_update_scan_actions[22m | attack_dash_light_16f.png[39m[0m
[  56% ] [90m[1m_update_scan_actions[22m | attack_heavy_charge_16f.png[39m[0m
[  56% ] [90m[1m_update_scan_actions[22m | attack_heavy_down_16f.png[39m[0m
[  57% ] [90m[1m_update_scan_actions[22m | attack_heavy_side_16f.png[39m[0m
[  57% ] [90m[1m_update_scan_actions[22m | attack_heavy_up_16f.png[39m[0m
[  57% ] [90m[1m_update_scan_actions[22m | attack_light_combo_01_16f.png[39m[0m
[  57% ] [90m[1m_update_scan_actions[22m | attack_light_combo_02_16f.png[39m[0m
[  57% ] [90m[1m_update_scan_actions[22m | attack_light_combo_03_16f.png[39m[0m
[  57% ] [90m[1m_update_scan_actions[22m | attack_light_down_16f.png[39m[0m
[  57% ] [90m[1m_update_scan_actions[22m | attack_light_up_16f.png[39m[0m
[  57% ] [90m[1m_update_scan_actions[22m | death_16f.png[39m[0m
[  57% ] [90m[1m_update_scan_actions[22m | evade_16f.png[39m[0m
[  57% ] [90m[1m_update_scan_actions[22m | guard_16f.png[39m[0m
[  57% ] [90m[1m_update_scan_actions[22m | hitstun_16f.png[39m[0m
[  58% ] [90m[1m_update_scan_actions[22m | knock_down_16f.png[39m[0m
[  58% ] [90m[1m_update_scan_actions[22m | launch_16f.png[39m[0m
[  58% ] [90m[1m_update_scan_actions[22m | ring_out_16f.png[39m[0m
[  58% ] [90m[1m_update_scan_actions[22m | spawn_16f.png[39m[0m
[  58% ] [90m[1m_update_scan_actions[22m | special_down_16f.png[39m[0m
[  58% ] [90m[1m_update_scan_actions[22m | special_neutral_16f.png[39m[0m
[  58% ] [90m[1m_update_scan_actions[22m | special_side_16f.png[39m[0m
[  58% ] [90m[1m_update_scan_actions[22m | special_up_16f.png[39m[0m
[  58% ] [90m[1m_update_scan_actions[22m | ultimate_16f.png[39m[0m
[  58% ] [90m[1m_update_scan_actions[22m | wake_up_16f.png[39m[0m
[  58% ] [90m[1m_update_scan_actions[22m | idle_16f.png[39m[0m
[  59% ] [90m[1m_update_scan_actions[22m | jump_16f.png[39m[0m
[  59% ] [90m[1m_update_scan_actions[22m | run_16f.png[39m[0m
[  59% ] [90m[1m_update_scan_actions[22m | yu-ran-concept-v01.png[39m[0m
[  59% ] [90m[1m_update_scan_actions[22m | app_icon.svg[39m[0m
[  59% ] [90m[1m_update_scan_actions[22m | battle.ogg[39m[0m
[  59% ] [90m[1m_update_scan_actions[22m | charge_ready.wav[39m[0m
[  59% ] [90m[1m_update_scan_actions[22m | charge_start.wav[39m[0m
[  59% ] [90m[1m_update_scan_actions[22m | dash.wav[39m[0m
[  59% ] [90m[1m_update_scan_actions[22m | defeat.wav[39m[0m
[  59% ] [90m[1m_update_scan_actions[22m | draw.wav[39m[0m
[  59% ] [90m[1m_update_scan_actions[22m | evade.wav[39m[0m
[  60% ] [90m[1m_update_scan_actions[22m | guard_break.wav[39m[0m
[  60% ] [90m[1m_update_scan_actions[22m | guard_hit.wav[39m[0m
[  60% ] [90m[1m_update_scan_actions[22m | hit_heavy.wav[39m[0m
[  60% ] [90m[1m_update_scan_actions[22m | hit_light.wav[39m[0m
[  60% ] [90m[1m_update_scan_actions[22m | ja-hyun_special_down.wav[39m[0m
[  60% ] [90m[1m_update_scan_actions[22m | ja-hyun_special_neutral.wav[39m[0m
[  60% ] [90m[1m_update_scan_actions[22m | ja-hyun_special_side.wav[39m[0m
[  60% ] [90m[1m_update_scan_actions[22m | ja-hyun_special_up.wav[39m[0m
[  60% ] [90m[1m_update_scan_actions[22m | ja-hyun_ultimate.wav[39m[0m
[  60% ] [90m[1m_update_scan_actions[22m | jump.wav[39m[0m
[  60% ] [90m[1m_update_scan_actions[22m | land.wav[39m[0m
[  61% ] [90m[1m_update_scan_actions[22m | lobby.ogg[39m[0m
[  61% ] [90m[1m_update_scan_actions[22m | match_start.wav[39m[0m
[  61% ] [90m[1m_update_scan_actions[22m | myo-ryung_special_down.wav[39m[0m
[  61% ] [90m[1m_update_scan_actions[22m | myo-ryung_special_neutral.wav[39m[0m
[  61% ] [90m[1m_update_scan_actions[22m | myo-ryung_special_side.wav[39m[0m
[  61% ] [90m[1m_update_scan_actions[22m | myo-ryung_special_up.wav[39m[0m
[  61% ] [90m[1m_update_scan_actions[22m | myo-ryung_ultimate.wav[39m[0m
[  61% ] [90m[1m_update_scan_actions[22m | nabi_special_down.wav[39m[0m
[  61% ] [90m[1m_update_scan_actions[22m | nabi_special_neutral.wav[39m[0m
[  61% ] [90m[1m_update_scan_actions[22m | nabi_special_side.wav[39m[0m
[  61% ] [90m[1m_update_scan_actions[22m | nabi_special_up.wav[39m[0m
[  62% ] [90m[1m_update_scan_actions[22m | nabi_ultimate.wav[39m[0m
[  62% ] [90m[1m_update_scan_actions[22m | respawn.wav[39m[0m
[  62% ] [90m[1m_update_scan_actions[22m | ring_out.wav[39m[0m
[  62% ] [90m[1m_update_scan_actions[22m | special_hit.wav[39m[0m
[  62% ] [90m[1m_update_scan_actions[22m | swing_heavy.wav[39m[0m
[  62% ] [90m[1m_update_scan_actions[22m | swing_light.wav[39m[0m
[  62% ] [90m[1m_update_scan_actions[22m | ui_back.wav[39m[0m
[  62% ] [90m[1m_update_scan_actions[22m | ui_click.wav[39m[0m
[  62% ] [90m[1m_update_scan_actions[22m | ui_confirm.wav[39m[0m
[  62% ] [90m[1m_update_scan_actions[22m | ui_error.wav[39m[0m
[  62% ] [90m[1m_update_scan_actions[22m | ui_select.wav[39m[0m
[  63% ] [90m[1m_update_scan_actions[22m | ultimate_hit.wav[39m[0m
[  63% ] [90m[1m_update_scan_actions[22m | victory.wav[39m[0m
[  63% ] [90m[1m_update_scan_actions[22m | yu-ran_special_down.wav[39m[0m
[  63% ] [90m[1m_update_scan_actions[22m | yu-ran_special_neutral.wav[39m[0m
[  63% ] [90m[1m_update_scan_actions[22m | yu-ran_special_side.wav[39m[0m
[  63% ] [90m[1m_update_scan_actions[22m | yu-ran_special_up.wav[39m[0m
[  63% ] [90m[1m_update_scan_actions[22m | yu-ran_ultimate.wav[39m[0m
[  63% ] [90m[1m_update_scan_actions[22m | acc_gale_boots.png[39m[0m
[  63% ] [90m[1m_update_scan_actions[22m | acc_horn_crest.png[39m[0m
[  63% ] [90m[1m_update_scan_actions[22m | acc_leaf_chakram.png[39m[0m
[  63% ] [90m[1m_update_scan_actions[22m | acc_shadow_orb.png[39m[0m
[  64% ] [90m[1m_update_scan_actions[22m | acc_spirit_lantern.png[39m[0m
[  64% ] [90m[1m_update_scan_actions[22m | acc_tail_booster.png[39m[0m
[  64% ] [90m[1m_update_scan_actions[22m | acc_thorn_guard.png[39m[0m
[  64% ] [90m[1m_update_scan_actions[22m | acc_vine_blade.png[39m[0m
[  64% ] [90m[1m_update_scan_actions[22m | acc_wind_gauntlet.png[39m[0m
[  64% ] [90m[1m_update_scan_actions[22m | logo_forest_arena.png[39m[0m
[  64% ] [90m[1m_update_scan_actions[22m | logo_forest_arena_small.png[39m[0m
[  64% ] [90m[1m_update_scan_actions[22m | char_mouse_bust.png[39m[0m
[  64% ] [90m[1m_update_scan_actions[22m | char_mouse_face.png[39m[0m
[  64% ] [90m[1m_update_scan_actions[22m | char_mouse_full.png[39m[0m
[  64% ] [90m[1m_update_scan_actions[22m | char_rabbit_bust.png[39m[0m
[  65% ] [90m[1m_update_scan_actions[22m | char_rabbit_face.png[39m[0m
[  65% ] [90m[1m_update_scan_actions[22m | char_rabbit_full.png[39m[0m
[  65% ] [90m[1m_update_scan_actions[22m | char_cat_face.png[39m[0m
[  65% ] [90m[1m_update_scan_actions[22m | char_deer_face.png[39m[0m
[  65% ] [90m[1m_update_scan_actions[22m | char_extra_01_face.png[39m[0m
[  65% ] [90m[1m_update_scan_actions[22m | char_fox_face.png[39m[0m
[  65% ] [90m[1m_update_scan_actions[22m | char_raccoon_face.png[39m[0m
[  65% ] [90m[1m_update_scan_actions[22m | char_wolf_face.png[39m[0m
[  65% ] [90m[1m_update_scan_actions[22m | icon_accessory.svg[39m[0m
[  65% ] [90m[1m_update_scan_actions[22m | icon_ai.svg[39m[0m
[  65% ] [90m[1m_update_scan_actions[22m | icon_character.svg[39m[0m
[  66% ] [90m[1m_update_scan_actions[22m | icon_mission.svg[39m[0m
[  66% ] [90m[1m_update_scan_actions[22m | icon_shop.svg[39m[0m
[  66% ] [90m[1m_update_scan_actions[22m | icon_social.svg[39m[0m
[  66% ] [90m[1m_update_scan_actions[22m | icon_solo.svg[39m[0m
[  66% ] [90m[1m_update_scan_actions[22m | icon_story.svg[39m[0m
[  66% ] [90m[1m_update_scan_actions[22m | icon_team.svg[39m[0m
[  66% ] [90m[1m_update_scan_actions[22m | icon_training.svg[39m[0m
[  66% ] [90m[1m_update_scan_actions[22m | rank_bronze.png[39m[0m
[  66% ] [90m[1m_update_scan_actions[22m | rank_diamond.png[39m[0m
[  66% ] [90m[1m_update_scan_actions[22m | rank_gold.png[39m[0m
[  67% ] [90m[1m_update_scan_actions[22m | rank_master.png[39m[0m
[  67% ] [90m[1m_update_scan_actions[22m | rank_platinum.png[39m[0m
[  67% ] [90m[1m_update_scan_actions[22m | rank_silver.png[39m[0m
[  67% ] [90m[1m_update_scan_actions[22m | count_badge.png[39m[0m
[  67% ] [90m[1m_update_scan_actions[22m | currency_coin_bg.png[39m[0m
[  67% ] [90m[1m_update_scan_actions[22m | currency_gem_bg.png[39m[0m
[  67% ] [90m[1m_update_scan_actions[22m | currency_ticket_bg.png[39m[0m
[  67% ] [90m[1m_update_scan_actions[22m | locked_tag_bg.png[39m[0m
[  67% ] [90m[1m_update_scan_actions[22m | new_tag_bg.png[39m[0m
[  67% ] [90m[1m_update_scan_actions[22m | notification_badge.png[39m[0m
[  67% ] [90m[1m_update_scan_actions[22m | online_badge.png[39m[0m
[  68% ] [90m[1m_update_scan_actions[22m | selected_tag_bg.png[39m[0m
[  68% ] [90m[1m_update_scan_actions[22m | collection_progress.png[39m[0m
[  68% ] [90m[1m_update_scan_actions[22m | loading_progress.png[39m[0m
[  68% ] [90m[1m_update_scan_actions[22m | matchmaking_progress.png[39m[0m
[  68% ] [90m[1m_update_scan_actions[22m | progress_blue.png[39m[0m
[  68% ] [90m[1m_update_scan_actions[22m | progress_green.png[39m[0m
[  68% ] [90m[1m_update_scan_actions[22m | rank_progress.png[39m[0m
[  68% ] [90m[1m_update_scan_actions[22m | xp_progress.png[39m[0m
[  68% ] [90m[1m_update_scan_actions[22m | btn_danger_m_default.png[39m[0m
[  68% ] [90m[1m_update_scan_actions[22m | btn_danger_m_disabled.png[39m[0m
[  68% ] [90m[1m_update_scan_actions[22m | btn_danger_m_pressed.png[39m[0m
[  69% ] [90m[1m_update_scan_actions[22m | btn_danger_s_default.png[39m[0m
[  69% ] [90m[1m_update_scan_actions[22m | btn_danger_s_disabled.png[39m[0m
[  69% ] [90m[1m_update_scan_actions[22m | btn_danger_s_pressed.png[39m[0m
[  69% ] [90m[1m_update_scan_actions[22m | btn_ghost_l_default.png[39m[0m
[  69% ] [90m[1m_update_scan_actions[22m | btn_ghost_l_pressed.png[39m[0m
[  69% ] [90m[1m_update_scan_actions[22m | btn_ghost_m_default.png[39m[0m
[  69% ] [90m[1m_update_scan_actions[22m | btn_ghost_m_pressed.png[39m[0m
[  69% ] [90m[1m_update_scan_actions[22m | btn_ghost_s_default.png[39m[0m
[  69% ] [90m[1m_update_scan_actions[22m | btn_ghost_s_pressed.png[39m[0m
[  69% ] [90m[1m_update_scan_actions[22m | btn_primary_l_default.png[39m[0m
[  69% ] [90m[1m_update_scan_actions[22m | btn_primary_l_disabled.png[39m[0m
[  70% ] [90m[1m_update_scan_actions[22m | btn_primary_l_pressed.png[39m[0m
[  70% ] [90m[1m_update_scan_actions[22m | btn_primary_m_default.png[39m[0m
[  70% ] [90m[1m_update_scan_actions[22m | btn_primary_m_disabled.png[39m[0m
[  70% ] [90m[1m_update_scan_actions[22m | btn_primary_m_pressed.png[39m[0m
[  70% ] [90m[1m_update_scan_actions[22m | btn_primary_s_default.png[39m[0m
[  70% ] [90m[1m_update_scan_actions[22m | btn_primary_s_disabled.png[39m[0m
[  70% ] [90m[1m_update_scan_actions[22m | btn_primary_s_pressed.png[39m[0m
[  70% ] [90m[1m_update_scan_actions[22m | btn_reward_l_default.png[39m[0m
[  70% ] [90m[1m_update_scan_actions[22m | btn_reward_l_disabled.png[39m[0m
[  70% ] [90m[1m_update_scan_actions[22m | btn_reward_l_pressed.png[39m[0m
[  70% ] [90m[1m_update_scan_actions[22m | btn_reward_m_default.png[39m[0m
[  71% ] [90m[1m_update_scan_actions[22m | btn_reward_m_disabled.png[39m[0m
[  71% ] [90m[1m_update_scan_actions[22m | btn_reward_m_pressed.png[39m[0m
[  71% ] [90m[1m_update_scan_actions[22m | btn_reward_s_default.png[39m[0m
[  71% ] [90m[1m_update_scan_actions[22m | btn_reward_s_disabled.png[39m[0m
[  71% ] [90m[1m_update_scan_actions[22m | btn_reward_s_pressed.png[39m[0m
[  71% ] [90m[1m_update_scan_actions[22m | btn_secondary_l_default.png[39m[0m
[  71% ] [90m[1m_update_scan_actions[22m | btn_secondary_l_disabled.png[39m[0m
[  71% ] [90m[1m_update_scan_actions[22m | btn_secondary_l_pressed.png[39m[0m
[  71% ] [90m[1m_update_scan_actions[22m | btn_secondary_m_default.png[39m[0m
[  71% ] [90m[1m_update_scan_actions[22m | btn_secondary_m_disabled.png[39m[0m
[  71% ] [90m[1m_update_scan_actions[22m | btn_secondary_m_pressed.png[39m[0m
[  72% ] [90m[1m_update_scan_actions[22m | btn_secondary_s_default.png[39m[0m
[  72% ] [90m[1m_update_scan_actions[22m | btn_secondary_s_disabled.png[39m[0m
[  72% ] [90m[1m_update_scan_actions[22m | btn_secondary_s_pressed.png[39m[0m
[  72% ] [90m[1m_update_scan_actions[22m | chip_filter_default.png[39m[0m
[  72% ] [90m[1m_update_scan_actions[22m | chip_filter_disabled.png[39m[0m
[  72% ] [90m[1m_update_scan_actions[22m | chip_filter_selected.png[39m[0m
[  72% ] [90m[1m_update_scan_actions[22m | chip_sort_asc.png[39m[0m
[  72% ] [90m[1m_update_scan_actions[22m | chip_sort_default.png[39m[0m
[  72% ] [90m[1m_update_scan_actions[22m | chip_sort_desc.png[39m[0m
[  72% ] [90m[1m_update_scan_actions[22m | chip_sort_selected.png[39m[0m
[  72% ] [90m[1m_update_scan_actions[22m | btn_arrow_down_default.png[39m[0m
[  73% ] [90m[1m_update_scan_actions[22m | btn_arrow_left_default.png[39m[0m
[  73% ] [90m[1m_update_scan_actions[22m | btn_arrow_left_pressed.png[39m[0m
[  73% ] [90m[1m_update_scan_actions[22m | btn_arrow_right_default.png[39m[0m
[  73% ] [90m[1m_update_scan_actions[22m | btn_arrow_right_pressed.png[39m[0m
[  73% ] [90m[1m_update_scan_actions[22m | btn_arrow_up_default.png[39m[0m
[  73% ] [90m[1m_update_scan_actions[22m | btn_back_default.png[39m[0m
[  73% ] [90m[1m_update_scan_actions[22m | btn_back_pressed.png[39m[0m
[  73% ] [90m[1m_update_scan_actions[22m | btn_close_default.png[39m[0m
[  73% ] [90m[1m_update_scan_actions[22m | btn_close_pressed.png[39m[0m
[  73% ] [90m[1m_update_scan_actions[22m | btn_icon_circle_m_default.png[39m[0m
[  73% ] [90m[1m_update_scan_actions[22m | btn_icon_circle_m_disabled.png[39m[0m
[  74% ] [90m[1m_update_scan_actions[22m | btn_icon_circle_m_pressed.png[39m[0m
[  74% ] [90m[1m_update_scan_actions[22m | btn_icon_circle_s_default.png[39m[0m
[  74% ] [90m[1m_update_scan_actions[22m | btn_icon_circle_s_disabled.png[39m[0m
[  74% ] [90m[1m_update_scan_actions[22m | btn_icon_circle_s_pressed.png[39m[0m
[  74% ] [90m[1m_update_scan_actions[22m | btn_icon_square_m_default.png[39m[0m
[  74% ] [90m[1m_update_scan_actions[22m | btn_icon_square_m_disabled.png[39m[0m
[  74% ] [90m[1m_update_scan_actions[22m | btn_icon_square_m_pressed.png[39m[0m
[  74% ] [90m[1m_update_scan_actions[22m | btn_icon_square_s_default.png[39m[0m
[  74% ] [90m[1m_update_scan_actions[22m | btn_icon_square_s_disabled.png[39m[0m
[  74% ] [90m[1m_update_scan_actions[22m | btn_icon_square_s_pressed.png[39m[0m
[  74% ] [90m[1m_update_scan_actions[22m | btn_modal_cancel_default.png[39m[0m
[  75% ] [90m[1m_update_scan_actions[22m | btn_modal_cancel_pressed.png[39m[0m
[  75% ] [90m[1m_update_scan_actions[22m | btn_modal_confirm_default.png[39m[0m
[  75% ] [90m[1m_update_scan_actions[22m | btn_modal_confirm_pressed.png[39m[0m
[  75% ] [90m[1m_update_scan_actions[22m | btn_modal_single_default.png[39m[0m
[  75% ] [90m[1m_update_scan_actions[22m | btn_modal_single_pressed.png[39m[0m
[  75% ] [90m[1m_update_scan_actions[22m | nav_accessory_active.png[39m[0m
[  75% ] [90m[1m_update_scan_actions[22m | nav_accessory_default.png[39m[0m
[  75% ] [90m[1m_update_scan_actions[22m | nav_character_active.png[39m[0m
[  75% ] [90m[1m_update_scan_actions[22m | nav_character_default.png[39m[0m
[  75% ] [90m[1m_update_scan_actions[22m | nav_home_active.png[39m[0m
[  75% ] [90m[1m_update_scan_actions[22m | nav_home_default.png[39m[0m
[  76% ] [90m[1m_update_scan_actions[22m | nav_mission_active.png[39m[0m
[  76% ] [90m[1m_update_scan_actions[22m | nav_mission_default.png[39m[0m
[  76% ] [90m[1m_update_scan_actions[22m | nav_play_active.png[39m[0m
[  76% ] [90m[1m_update_scan_actions[22m | nav_play_default.png[39m[0m
[  76% ] [90m[1m_update_scan_actions[22m | nav_shop_active.png[39m[0m
[  76% ] [90m[1m_update_scan_actions[22m | nav_shop_default.png[39m[0m
[  76% ] [90m[1m_update_scan_actions[22m | nav_social_active.png[39m[0m
[  76% ] [90m[1m_update_scan_actions[22m | nav_social_default.png[39m[0m
[  76% ] [90m[1m_update_scan_actions[22m | btn_accept_match_l_default.png[39m[0m
[  76% ] [90m[1m_update_scan_actions[22m | btn_accept_match_l_pressed.png[39m[0m
[  76% ] [90m[1m_update_scan_actions[22m | btn_add_friend_m_default.png[39m[0m
[  77% ] [90m[1m_update_scan_actions[22m | btn_add_friend_m_pressed.png[39m[0m
[  77% ] [90m[1m_update_scan_actions[22m | btn_add_slot_s_default.png[39m[0m
[  77% ] [90m[1m_update_scan_actions[22m | btn_add_slot_s_pressed.png[39m[0m
[  77% ] [90m[1m_update_scan_actions[22m | btn_back_lobby_m_default.png[39m[0m
[  77% ] [90m[1m_update_scan_actions[22m | btn_back_lobby_m_pressed.png[39m[0m
[  77% ] [90m[1m_update_scan_actions[22m | btn_bundle_m_default.png[39m[0m
[  77% ] [90m[1m_update_scan_actions[22m | btn_bundle_m_pressed.png[39m[0m
[  77% ] [90m[1m_update_scan_actions[22m | btn_buy_l_default.png[39m[0m
[  77% ] [90m[1m_update_scan_actions[22m | btn_buy_l_disabled.png[39m[0m
[  77% ] [90m[1m_update_scan_actions[22m | btn_buy_l_pressed.png[39m[0m
[  77% ] [90m[1m_update_scan_actions[22m | btn_cancel_queue_m_default.png[39m[0m
[  78% ] [90m[1m_update_scan_actions[22m | btn_cancel_queue_m_pressed.png[39m[0m
[  78% ] [90m[1m_update_scan_actions[22m | btn_claim_reward_m_default.png[39m[0m
[  78% ] [90m[1m_update_scan_actions[22m | btn_claim_reward_m_disabled.png[39m[0m
[  78% ] [90m[1m_update_scan_actions[22m | btn_claim_reward_m_pressed.png[39m[0m
[  78% ] [90m[1m_update_scan_actions[22m | btn_confirm_pick_l_default.png[39m[0m
[  78% ] [90m[1m_update_scan_actions[22m | btn_confirm_pick_l_pressed.png[39m[0m
[  78% ] [90m[1m_update_scan_actions[22m | btn_continue_l_default.png[39m[0m
[  78% ] [90m[1m_update_scan_actions[22m | btn_continue_l_pressed.png[39m[0m
[  78% ] [90m[1m_update_scan_actions[22m | btn_equip_l_default.png[39m[0m
[  78% ] [90m[1m_update_scan_actions[22m | btn_equip_l_pressed.png[39m[0m
[  78% ] [90m[1m_update_scan_actions[22m | btn_invite_m_default.png[39m[0m
[  79% ] [90m[1m_update_scan_actions[22m | btn_invite_m_pressed.png[39m[0m
[  79% ] [90m[1m_update_scan_actions[22m | btn_like_s_default.png[39m[0m
[  79% ] [90m[1m_update_scan_actions[22m | btn_like_s_pressed.png[39m[0m
[  79% ] [90m[1m_update_scan_actions[22m | btn_match_start_l_default.png[39m[0m
[  79% ] [90m[1m_update_scan_actions[22m | btn_match_start_l_pressed.png[39m[0m
[  79% ] [90m[1m_update_scan_actions[22m | btn_preset_apply_m_default.png[39m[0m
[  79% ] [90m[1m_update_scan_actions[22m | btn_preset_apply_m_pressed.png[39m[0m
[  79% ] [90m[1m_update_scan_actions[22m | btn_preset_save_m_default.png[39m[0m
[  79% ] [90m[1m_update_scan_actions[22m | btn_preset_save_m_pressed.png[39m[0m
[  79% ] [90m[1m_update_scan_actions[22m | btn_ready_l_default.png[39m[0m
[  79% ] [90m[1m_update_scan_actions[22m | btn_ready_l_pressed.png[39m[0m
[  80% ] [90m[1m_update_scan_actions[22m | btn_retry_l_default.png[39m[0m
[  80% ] [90m[1m_update_scan_actions[22m | btn_retry_l_pressed.png[39m[0m
[  80% ] [90m[1m_update_scan_actions[22m | btn_select_l_default.png[39m[0m
[  80% ] [90m[1m_update_scan_actions[22m | btn_select_l_pressed.png[39m[0m
[  80% ] [90m[1m_update_scan_actions[22m | btn_skin_view_m_default.png[39m[0m
[  80% ] [90m[1m_update_scan_actions[22m | btn_skin_view_m_pressed.png[39m[0m
[  80% ] [90m[1m_update_scan_actions[22m | btn_team_switch_m_default.png[39m[0m
[  80% ] [90m[1m_update_scan_actions[22m | btn_team_switch_m_pressed.png[39m[0m
[  80% ] [90m[1m_update_scan_actions[22m | btn_try_m_default.png[39m[0m
[  80% ] [90m[1m_update_scan_actions[22m | btn_try_m_pressed.png[39m[0m
[  80% ] [90m[1m_update_scan_actions[22m | btn_view_profile_m_default.png[39m[0m
[  81% ] [90m[1m_update_scan_actions[22m | btn_view_profile_m_pressed.png[39m[0m
[  81% ] [90m[1m_update_scan_actions[22m | btn_minus_default.png[39m[0m
[  81% ] [90m[1m_update_scan_actions[22m | btn_minus_pressed.png[39m[0m
[  81% ] [90m[1m_update_scan_actions[22m | btn_plus_default.png[39m[0m
[  81% ] [90m[1m_update_scan_actions[22m | btn_plus_pressed.png[39m[0m
[  81% ] [90m[1m_update_scan_actions[22m | tab_sub_default.png[39m[0m
[  81% ] [90m[1m_update_scan_actions[22m | tab_sub_disabled.png[39m[0m
[  81% ] [90m[1m_update_scan_actions[22m | tab_sub_selected.png[39m[0m
[  81% ] [90m[1m_update_scan_actions[22m | tab_top_default.png[39m[0m
[  81% ] [90m[1m_update_scan_actions[22m | tab_top_disabled.png[39m[0m
[  81% ] [90m[1m_update_scan_actions[22m | tab_top_selected.png[39m[0m
[  82% ] [90m[1m_update_scan_actions[22m | checkbox_default_off.png[39m[0m
[  82% ] [90m[1m_update_scan_actions[22m | checkbox_default_on.png[39m[0m
[  82% ] [90m[1m_update_scan_actions[22m | checkbox_disabled_off.png[39m[0m
[  82% ] [90m[1m_update_scan_actions[22m | checkbox_disabled_on.png[39m[0m
[  82% ] [90m[1m_update_scan_actions[22m | radio_default_off.png[39m[0m
[  82% ] [90m[1m_update_scan_actions[22m | radio_default_on.png[39m[0m
[  82% ] [90m[1m_update_scan_actions[22m | radio_disabled_off.png[39m[0m
[  82% ] [90m[1m_update_scan_actions[22m | radio_disabled_on.png[39m[0m
[  82% ] [90m[1m_update_scan_actions[22m | toggle_default_off.png[39m[0m
[  82% ] [90m[1m_update_scan_actions[22m | toggle_default_on.png[39m[0m
[  82% ] [90m[1m_update_scan_actions[22m | toggle_disabled_off.png[39m[0m
[  83% ] [90m[1m_update_scan_actions[22m | toggle_disabled_on.png[39m[0m
[  83% ] [90m[1m_update_scan_actions[22m | card_accessory_default.png[39m[0m
[  83% ] [90m[1m_update_scan_actions[22m | card_accessory_selected.png[39m[0m
[  83% ] [90m[1m_update_scan_actions[22m | card_character_default.png[39m[0m
[  83% ] [90m[1m_update_scan_actions[22m | card_character_locked.png[39m[0m
[  83% ] [90m[1m_update_scan_actions[22m | card_character_selected.png[39m[0m
[  83% ] [90m[1m_update_scan_actions[22m | card_event_banner.png[39m[0m
[  83% ] [90m[1m_update_scan_actions[22m | card_friend_row.png[39m[0m
[  83% ] [90m[1m_update_scan_actions[22m | card_guild_row.png[39m[0m
[  83% ] [90m[1m_update_scan_actions[22m | card_leaderboard_row.png[39m[0m
[  83% ] [90m[1m_update_scan_actions[22m | card_match_history_row.png[39m[0m
[  84% ] [90m[1m_update_scan_actions[22m | card_mission_complete.png[39m[0m
[  84% ] [90m[1m_update_scan_actions[22m | card_mission_default.png[39m[0m
[  84% ] [90m[1m_update_scan_actions[22m | card_mode_default.png[39m[0m
[  84% ] [90m[1m_update_scan_actions[22m | card_mode_selected.png[39m[0m
[  84% ] [90m[1m_update_scan_actions[22m | card_profile.png[39m[0m
[  84% ] [90m[1m_update_scan_actions[22m | card_rank_summary.png[39m[0m
[  84% ] [90m[1m_update_scan_actions[22m | card_recent_player_row.png[39m[0m
[  84% ] [90m[1m_update_scan_actions[22m | card_result_stat.png[39m[0m
[  84% ] [90m[1m_update_scan_actions[22m | card_reward_item.png[39m[0m
[  84% ] [90m[1m_update_scan_actions[22m | card_shop_default.png[39m[0m
[  84% ] [90m[1m_update_scan_actions[22m | card_shop_featured.png[39m[0m
[  85% ] [90m[1m_update_scan_actions[22m | card_skill_detail.png[39m[0m
[  85% ] [90m[1m_update_scan_actions[22m | action_default.svg[39m[0m
[  85% ] [90m[1m_update_scan_actions[22m | action_pressed.svg[39m[0m
[  85% ] [90m[1m_update_scan_actions[22m | dpad_default.svg[39m[0m
[  85% ] [90m[1m_update_scan_actions[22m | dpad_down.svg[39m[0m
[  85% ] [90m[1m_update_scan_actions[22m | dpad_left.svg[39m[0m
[  85% ] [90m[1m_update_scan_actions[22m | dpad_right.svg[39m[0m
[  85% ] [90m[1m_update_scan_actions[22m | dpad_up.svg[39m[0m
[  85% ] [90m[1m_update_scan_actions[22m | corner_leaf_cluster.png[39m[0m
[  85% ] [90m[1m_update_scan_actions[22m | divider_leaf.png[39m[0m
[  85% ] [90m[1m_update_scan_actions[22m | focus_ring.png[39m[0m
[  86% ] [90m[1m_update_scan_actions[22m | empty_collection.png[39m[0m
[  86% ] [90m[1m_update_scan_actions[22m | empty_friends.png[39m[0m
[  86% ] [90m[1m_update_scan_actions[22m | maintenance.png[39m[0m
[  86% ] [90m[1m_update_scan_actions[22m | network_error.png[39m[0m
[  86% ] [90m[1m_update_scan_actions[22m | context_menu.png[39m[0m
[  86% ] [90m[1m_update_scan_actions[22m | dialog_frame.png[39m[0m
[  86% ] [90m[1m_update_scan_actions[22m | modal_large.png[39m[0m
[  86% ] [90m[1m_update_scan_actions[22m | modal_medium.png[39m[0m
[  86% ] [90m[1m_update_scan_actions[22m | modal_small.png[39m[0m
[  86% ] [90m[1m_update_scan_actions[22m | toast_frame.png[39m[0m
[  86% ] [90m[1m_update_scan_actions[22m | tooltip_frame.png[39m[0m
[  87% ] [90m[1m_update_scan_actions[22m | bottom_nav_bg.png[39m[0m
[  87% ] [90m[1m_update_scan_actions[22m | carousel_dot_active.png[39m[0m
[  87% ] [90m[1m_update_scan_actions[22m | carousel_dot_default.png[39m[0m
[  87% ] [90m[1m_update_scan_actions[22m | header_strip_cream.png[39m[0m
[  87% ] [90m[1m_update_scan_actions[22m | header_strip_green.png[39m[0m
[  87% ] [90m[1m_update_scan_actions[22m | side_panel_bg.png[39m[0m
[  87% ] [90m[1m_update_scan_actions[22m | top_bar_bg.png[39m[0m
[  87% ] [90m[1m_update_scan_actions[22m | loading_spinner.png[39m[0m
[  87% ] [90m[1m_update_scan_actions[22m | screen_dim.png[39m[0m
[  87% ] [90m[1m_update_scan_actions[22m | spotlight_vignette.png[39m[0m
[  87% ] [90m[1m_update_scan_actions[22m | panel_base_l.png[39m[0m
[  88% ] [90m[1m_update_scan_actions[22m | panel_base_m.png[39m[0m
[  88% ] [90m[1m_update_scan_actions[22m | panel_base_s.png[39m[0m
[  88% ] [90m[1m_update_scan_actions[22m | panel_blue_m.png[39m[0m
[  88% ] [90m[1m_update_scan_actions[22m | panel_dark_l.png[39m[0m
[  88% ] [90m[1m_update_scan_actions[22m | panel_glass_m.png[39m[0m
[  88% ] [90m[1m_update_scan_actions[22m | panel_gold_m.png[39m[0m
[  88% ] [90m[1m_update_scan_actions[22m | panel_green_m.png[39m[0m
[  88% ] [90m[1m_update_scan_actions[22m | panel_parchment_m.png[39m[0m
[  88% ] [90m[1m_update_scan_actions[22m | panel_pink_m.png[39m[0m
[  88% ] [90m[1m_update_scan_actions[22m | host_crown.png[39m[0m
[  88% ] [90m[1m_update_scan_actions[22m | team_separator.png[39m[0m
[  89% ] [90m[1m_update_scan_actions[22m | voice_muted_badge.png[39m[0m
[  89% ] [90m[1m_update_scan_actions[22m | voice_on_badge.png[39m[0m
[  89% ] [90m[1m_update_scan_actions[22m | placement_badge.png[39m[0m
[  89% ] [90m[1m_update_scan_actions[22m | season_banner.png[39m[0m
[  89% ] [90m[1m_update_scan_actions[22m | defeat_title.png[39m[0m
[  89% ] [90m[1m_update_scan_actions[22m | mvp_emblem.png[39m[0m
[  89% ] [90m[1m_update_scan_actions[22m | result_reward_tray.png[39m[0m
[  89% ] [90m[1m_update_scan_actions[22m | victory_title.png[39m[0m
[  89% ] [90m[1m_update_scan_actions[22m | featured_corner.png[39m[0m
[  89% ] [90m[1m_update_scan_actions[22m | owned_overlay.png[39m[0m
[  89% ] [90m[1m_update_scan_actions[22m | price_tag_bg.png[39m[0m
[  90% ] [90m[1m_update_scan_actions[22m | sale_ribbon.png[39m[0m
[  90% ] [90m[1m_update_scan_actions[22m | avatar_frame_default.png[39m[0m
[  90% ] [90m[1m_update_scan_actions[22m | avatar_frame_host.png[39m[0m
[  90% ] [90m[1m_update_scan_actions[22m | favorite_accessory_slot.png[39m[0m
[  90% ] [90m[1m_update_scan_actions[22m | inventory_grid_slot.png[39m[0m
[  90% ] [90m[1m_update_scan_actions[22m | loadout_slot.png[39m[0m
[  90% ] [90m[1m_update_scan_actions[22m | party_slot_empty.png[39m[0m
[  90% ] [90m[1m_update_scan_actions[22m | party_slot_filled.png[39m[0m
[  90% ] [90m[1m_update_scan_actions[22m | party_slot_host.png[39m[0m
[  90% ] [90m[1m_update_scan_actions[22m | preset_slot_empty.png[39m[0m
[  90% ] [90m[1m_update_scan_actions[22m | preset_slot_selected.png[39m[0m
[  91% ] [90m[1m_update_scan_actions[22m | reward_item_slot.png[39m[0m
[  91% ] [90m[1m_update_scan_actions[22m | skill_icon_slot.png[39m[0m
[  91% ] [90m[1m_update_scan_actions[22m | team_slot_blue.png[39m[0m
[  91% ] [90m[1m_update_scan_actions[22m | team_slot_pink.png[39m[0m
[  91% ] [90m[1m_update_scan_actions[22m | compatibility_meter_bg.png[39m[0m
[  91% ] [90m[1m_update_scan_actions[22m | compatibility_pip_off.png[39m[0m
[  91% ] [90m[1m_update_scan_actions[22m | compatibility_pip_on.png[39m[0m
[  91% ] [90m[1m_update_scan_actions[22m | difficulty_pip_off.png[39m[0m
[  91% ] [90m[1m_update_scan_actions[22m | difficulty_pip_on.png[39m[0m
[  91% ] [90m[1m_update_scan_actions[22m | rating_delta_negative.png[39m[0m
[  91% ] [90m[1m_update_scan_actions[22m | rating_delta_positive.png[39m[0m
[  92% ] [90m[1m_update_scan_actions[22m | role_tag_bg.png[39m[0m
[  92% ] [90m[1m_update_scan_actions[22m | dropdown_default.png[39m[0m
[  92% ] [90m[1m_update_scan_actions[22m | dropdown_open.png[39m[0m
[  92% ] [90m[1m_update_scan_actions[22m | input_field_default.png[39m[0m
[  92% ] [90m[1m_update_scan_actions[22m | input_field_focused.png[39m[0m
[  92% ] [90m[1m_update_scan_actions[22m | scroll_thumb.png[39m[0m
[  92% ] [90m[1m_update_scan_actions[22m | scroll_track.png[39m[0m
[  92% ] [90m[1m_update_scan_actions[22m | search_field.png[39m[0m
[  92% ] [90m[1m_update_scan_actions[22m | segmented_bg.png[39m[0m
[  92% ] [90m[1m_update_scan_actions[22m | slider_thumb.png[39m[0m
[  92% ] [90m[1m_update_scan_actions[22m | slider_track.png[39m[0m
[  93% ] [90m[1m_update_scan_actions[22m | bg_accessory_workshop.png[39m[0m
[  93% ] [90m[1m_update_scan_actions[22m | bg_character_room.png[39m[0m
[  93% ] [90m[1m_update_scan_actions[22m | bg_combat_forest_arena.png[39m[0m
[  93% ] [90m[1m_update_scan_actions[22m | bg_combat_training_arena.svg[39m[0m
[  93% ] [90m[1m_update_scan_actions[22m | bg_loading.png[39m[0m
[  93% ] [90m[1m_update_scan_actions[22m | bg_lobby_forest_town.png[39m[0m
[  93% ] [90m[1m_update_scan_actions[22m | bg_login_village.png[39m[0m
[  93% ] [90m[1m_update_scan_actions[22m | bg_matchmaking.png[39m[0m
[  93% ] [90m[1m_update_scan_actions[22m | bg_mode_ai.png[39m[0m
[  93% ] [90m[1m_update_scan_actions[22m | bg_mode_solo.png[39m[0m
[  93% ] [90m[1m_update_scan_actions[22m | bg_mode_story.png[39m[0m
[  94% ] [90m[1m_update_scan_actions[22m | bg_mode_team.png[39m[0m
[  94% ] [90m[1m_update_scan_actions[22m | bg_mode_training.png[39m[0m
[  94% ] [90m[1m_update_scan_actions[22m | bg_splash_forest.png[39m[0m
[  94% ] [90m[1m_update_scan_actions[22m | bg_victory.png[39m[0m
[  94% ] [90m[1m_update_scan_actions[22m | fx_leaf_corner.png[39m[0m
[  94% ] [90m[1m_update_scan_actions[22m | fx_light_particles.png[39m[0m
[  94% ] [90m[1m_update_scan_actions[22m | fx_match_ring.png[39m[0m
[  94% ] [90m[1m_update_scan_actions[22m | fx_victory_rays.png[39m[0m
[  94% ] [90m[1m_update_scan_actions[22m | illust_event_01.png[39m[0m
[  94% ] [90m[1m_update_scan_actions[22m | illust_mvp_mouse.png[39m[0m
[  94% ] [90m[1m_update_scan_actions[22m | illust_shop_feature.png[39m[0m
[  95% ] [90m[1m_update_scan_actions[22m | illust_story_chapter_01.png[39m[0m
[  95% ] [90m[1m_update_scan_actions[22m | illust_victory_duo.png[39m[0m
[  95% ] [90m[1m_update_scan_actions[22m | terrain_forest_ledge.png[39m[0m
[  95% ] [90m[1m_update_scan_actions[22m | bg_accessory_workshop.png[39m[0m
[  95% ] [90m[1m_update_scan_actions[22m | bg_character_room.png[39m[0m
[  95% ] [90m[1m_update_scan_actions[22m | bg_combat_forest_arena.png[39m[0m
[  95% ] [90m[1m_update_scan_actions[22m | bg_combat_training_arena.svg[39m[0m
[  95% ] [90m[1m_update_scan_actions[22m | bg_loading.png[39m[0m
[  95% ] [90m[1m_update_scan_actions[22m | bg_lobby_forest_town.png[39m[0m
[  95% ] [90m[1m_update_scan_actions[22m | bg_login_village.png[39m[0m
[  95% ] [90m[1m_update_scan_actions[22m | bg_matchmaking.png[39m[0m
[  96% ] [90m[1m_update_scan_actions[22m | bg_mode_ai.png[39m[0m
[  96% ] [90m[1m_update_scan_actions[22m | bg_mode_solo.png[39m[0m
[  96% ] [90m[1m_update_scan_actions[22m | bg_mode_story.png[39m[0m
[  96% ] [90m[1m_update_scan_actions[22m | bg_mode_team.png[39m[0m
[  96% ] [90m[1m_update_scan_actions[22m | bg_mode_training.png[39m[0m
[  96% ] [90m[1m_update_scan_actions[22m | bg_splash_forest.png[39m[0m
[  96% ] [90m[1m_update_scan_actions[22m | bg_victory.png[39m[0m
[  96% ] [90m[1m_update_scan_actions[22m | fx_leaf_corner.png[39m[0m
[  96% ] [90m[1m_update_scan_actions[22m | fx_light_particles.png[39m[0m
[  96% ] [90m[1m_update_scan_actions[22m | fx_match_ring.png[39m[0m
[  96% ] [90m[1m_update_scan_actions[22m | fx_victory_rays.png[39m[0m
[  97% ] [90m[1m_update_scan_actions[22m | illust_event_01.png[39m[0m
[  97% ] [90m[1m_update_scan_actions[22m | illust_mvp_mouse.png[39m[0m
[  97% ] [90m[1m_update_scan_actions[22m | illust_shop_feature.png[39m[0m
[  97% ] [90m[1m_update_scan_actions[22m | illust_story_chapter_01.png[39m[0m
[  97% ] [90m[1m_update_scan_actions[22m | illust_victory_duo.png[39m[0m
[  97% ] [90m[1m_update_scan_actions[22m | terrain_forest_ledge.png[39m[0m
[  97% ] [90m[1m_update_scan_actions[22m | bg_accessory_workshop.png[39m[0m
[  97% ] [90m[1m_update_scan_actions[22m | bg_character_room.png[39m[0m
[  97% ] [90m[1m_update_scan_actions[22m | bg_combat_forest_arena.png[39m[0m
[  97% ] [90m[1m_update_scan_actions[22m | bg_combat_training_arena.svg[39m[0m
[  97% ] [90m[1m_update_scan_actions[22m | bg_loading.png[39m[0m
[  98% ] [90m[1m_update_scan_actions[22m | bg_lobby_forest_town.png[39m[0m
[  98% ] [90m[1m_update_scan_actions[22m | bg_login_village.png[39m[0m
[  98% ] [90m[1m_update_scan_actions[22m | bg_matchmaking.png[39m[0m
[  98% ] [90m[1m_update_scan_actions[22m | bg_mode_ai.png[39m[0m
[  98% ] [90m[1m_update_scan_actions[22m | bg_mode_solo.png[39m[0m
[  98% ] [90m[1m_update_scan_actions[22m | bg_mode_story.png[39m[0m
[  98% ] [90m[1m_update_scan_actions[22m | bg_mode_team.png[39m[0m
[  98% ] [90m[1m_update_scan_actions[22m | bg_mode_training.png[39m[0m
[  98% ] [90m[1m_update_scan_actions[22m | bg_splash_forest.png[39m[0m
[  98% ] [90m[1m_update_scan_actions[22m | bg_victory.png[39m[0m
[  98% ] [90m[1m_update_scan_actions[22m | fx_leaf_corner.png[39m[0m
[  99% ] [90m[1m_update_scan_actions[22m | fx_light_particles.png[39m[0m
[  99% ] [90m[1m_update_scan_actions[22m | fx_match_ring.png[39m[0m
[  99% ] [90m[1m_update_scan_actions[22m | fx_victory_rays.png[39m[0m
[  99% ] [90m[1m_update_scan_actions[22m | illust_event_01.png[39m[0m
[  99% ] [90m[1m_update_scan_actions[22m | illust_mvp_mouse.png[39m[0m
[  99% ] [90m[1m_update_scan_actions[22m | illust_shop_feature.png[39m[0m
[  99% ] [90m[1m_update_scan_actions[22m | illust_story_chapter_01.png[39m[0m
[  99% ] [90m[1m_update_scan_actions[22m | illust_victory_duo.png[39m[0m
[  99% ] [90m[1m_update_scan_actions[22m | terrain_forest_ledge.png[39m[0m
[92m[ DONE ][39m [1m_update_scan_actions[22m
[0m
[   0% ] [90m[1mreimport[22m | Started 애셋 (다시) 가져오는 중 (1096 steps)[39m[0m
[   0% ] [90m[1mreimport[22m | 다시 가져올 파일을 준비 중...[39m[0m
[   0% ] [90m[1mreimport[22m | 다시 가져올 파일을 준비 중...[39m[0m
[   0% ] [90m[1mreimport[22m | 다시 가져올 파일을 준비 중...[39m[0m
[   0% ] [90m[1mreimport[22m | 다시 가져올 파일을 준비 중...[39m[0m
[   0% ] [90m[1mreimport[22m | 다시 가져올 파일을 준비 중...[39m[0m
[   0% ] [90m[1mreimport[22m | 다시 가져올 파일을 준비 중...[39m[0m
[   0% ] [90m[1mreimport[22m | 다시 가져올 파일을 준비 중...[39m[0m
[   0% ] [90m[1mreimport[22m | 다시 가져올 파일을 준비 중...[39m[0m
[   0% ] [90m[1mreimport[22m | 다시 가져올 파일을 준비 중...[39m[0m
[   0% ] [90m[1mreimport[22m | 다시 가져올 파일을 준비 중...[39m[0m
[   0% ] [90m[1mreimport[22m | 다시 가져올 파일을 준비 중...[39m[0m
[   1% ] [90m[1mreimport[22m | 다시 가져올 파일을 준비 중...[39m[0m
[   1% ] [90m[1mreimport[22m | 다시 가져올 파일을 준비 중...[39m[0m
[   1% ] [90m[1mreimport[22m | 다시 가져올 파일을 준비 중...[39m[0m
[   1% ] [90m[1mreimport[22m | 다시 가져올 파일을 준비 중...[39m[0m
[   1% ] [90m[1mreimport[22m | 다시 가져올 파일을 준비 중...[39m[0m
[   1% ] [90m[1mreimport[22m | 다시 가져올 파일을 준비 중...[39m[0m
[   1% ] [90m[1mreimport[22m | 다시 가져올 파일을 준비 중...[39m[0m
[   1% ] [90m[1mreimport[22m | 다시 가져올 파일을 준비 중...[39m[0m
[   1% ] [90m[1mreimport[22m | 다시 가져올 파일을 준비 중...[39m[0m
[   1% ] [90m[1mreimport[22m | 다시 가져올 파일을 준비 중...[39m[0m
[   1% ] [90m[1mreimport[22m | 다시 가져올 파일을 준비 중...[39m[0m
[   2% ] [90m[1mreimport[22m | 다시 가져올 파일을 준비 중...[39m[0m
[   2% ] [90m[1mreimport[22m | 다시 가져올 파일을 준비 중...[39m[0m
[   2% ] [90m[1mreimport[22m | 다시 가져올 파일을 준비 중...[39m[0m
[   2% ] [90m[1mreimport[22m | 다시 가져올 파일을 준비 중...[39m[0m
[   2% ] [90m[1mreimport[22m | 다시 가져올 파일을 준비 중...[39m[0m
[   2% ] [90m[1mreimport[22m | 다시 가져올 파일을 준비 중...[39m[0m
[   2% ] [90m[1mreimport[22m | 다시 가져올 파일을 준비 중...[39m[0m
[   2% ] [90m[1mreimport[22m | 다시 가져올 파일을 준비 중...[39m[0m
[   2% ] [90m[1mreimport[22m | 다시 가져올 파일을 준비 중...[39m[0m
[   2% ] [90m[1mreimport[22m | 다시 가져올 파일을 준비 중...[39m[0m
[   2% ] [90m[1mreimport[22m | 다시 가져올 파일을 준비 중...[39m[0m
[   3% ] [90m[1mreimport[22m | 다시 가져올 파일을 준비 중...[39m[0m
[   3% ] [90m[1mreimport[22m | 다시 가져올 파일을 준비 중...[39m[0m
[   3% ] [90m[1mreimport[22m | 다시 가져올 파일을 준비 중...[39m[0m
[   3% ] [90m[1mreimport[22m | 다시 가져올 파일을 준비 중...[39m[0m
[   3% ] [90m[1mreimport[22m | 다시 가져올 파일을 준비 중...[39m[0m
[   3% ] [90m[1mreimport[22m | 다시 가져올 파일을 준비 중...[39m[0m
[   3% ] [90m[1mreimport[22m | 다시 가져올 파일을 준비 중...[39m[0m
[   3% ] [90m[1mreimport[22m | 다시 가져올 파일을 준비 중...[39m[0m
[   3% ] [90m[1mreimport[22m | 다시 가져올 파일을 준비 중...[39m[0m
[   3% ] [90m[1mreimport[22m | 다시 가져올 파일을 준비 중...[39m[0m
[   3% ] [90m[1mreimport[22m | 다시 가져올 파일을 준비 중...[39m[0m
[   4% ] [90m[1mreimport[22m | 다시 가져올 파일을 준비 중...[39m[0m
[   4% ] [90m[1mreimport[22m | 다시 가져올 파일을 준비 중...[39m[0m
[   4% ] [90m[1mreimport[22m | 다시 가져올 파일을 준비 중...[39m[0m
[   4% ] [90m[1mreimport[22m | 다시 가져올 파일을 준비 중...[39m[0m
[   4% ] [90m[1mreimport[22m | 다시 가져올 파일을 준비 중...[39m[0m
[   4% ] [90m[1mreimport[22m | 다시 가져올 파일을 준비 중...[39m[0m
[   4% ] [90m[1mreimport[22m | 다시 가져올 파일을 준비 중...[39m[0m
[   4% ] [90m[1mreimport[22m | 다시 가져올 파일을 준비 중...[39m[0m
[   4% ] [90m[1mreimport[22m | 다시 가져올 파일을 준비 중...[39m[0m
[   4% ] [90m[1mreimport[22m | 다시 가져올 파일을 준비 중...[39m[0m
[   4% ] [90m[1mreimport[22m | 다시 가져올 파일을 준비 중...[39m[0m
[   5% ] [90m[1mreimport[22m | 다시 가져올 파일을 준비 중...[39m[0m
[   5% ] [90m[1mreimport[22m | 다시 가져올 파일을 준비 중...[39m[0m
[   5% ] [90m[1mreimport[22m | 다시 가져올 파일을 준비 중...[39m[0m
[   5% ] [90m[1mreimport[22m | 다시 가져올 파일을 준비 중...[39m[0m
[   5% ] [90m[1mreimport[22m | 다시 가져올 파일을 준비 중...[39m[0m
[   5% ] [90m[1mreimport[22m | 다시 가져올 파일을 준비 중...[39m[0m
[   5% ] [90m[1mreimport[22m | 다시 가져올 파일을 준비 중...[39m[0m
[   5% ] [90m[1mreimport[22m | 다시 가져올 파일을 준비 중...[39m[0m
[   5% ] [90m[1mreimport[22m | 다시 가져올 파일을 준비 중...[39m[0m
[   5% ] [90m[1mreimport[22m | 다시 가져올 파일을 준비 중...[39m[0m
[   5% ] [90m[1mreimport[22m | 다시 가져올 파일을 준비 중...[39m[0m
[   6% ] [90m[1mreimport[22m | 다시 가져올 파일을 준비 중...[39m[0m
[   6% ] [90m[1mreimport[22m | 다시 가져올 파일을 준비 중...[39m[0m
[   6% ] [90m[1mreimport[22m | 다시 가져올 파일을 준비 중...[39m[0m
[   6% ] [90m[1mreimport[22m | 다시 가져올 파일을 준비 중...[39m[0m
[   6% ] [90m[1mreimport[22m | 다시 가져올 파일을 준비 중...[39m[0m
[   6% ] [90m[1mreimport[22m | 다시 가져올 파일을 준비 중...[39m[0m
[   6% ] [90m[1mreimport[22m | 다시 가져올 파일을 준비 중...[39m[0m
[   6% ] [90m[1mreimport[22m | 다시 가져올 파일을 준비 중...[39m[0m
[   6% ] [90m[1mreimport[22m | 다시 가져올 파일을 준비 중...[39m[0m
[   6% ] [90m[1mreimport[22m | 다시 가져올 파일을 준비 중...[39m[0m
[   6% ] [90m[1mreimport[22m | 다시 가져올 파일을 준비 중...[39m[0m
[   7% ] [90m[1mreimport[22m | 다시 가져올 파일을 준비 중...[39m[0m
[   7% ] [90m[1mreimport[22m | 다시 가져올 파일을 준비 중...[39m[0m
[   7% ] [90m[1mreimport[22m | 다시 가져올 파일을 준비 중...[39m[0m
[   7% ] [90m[1mreimport[22m | 다시 가져올 파일을 준비 중...[39m[0m
[   7% ] [90m[1mreimport[22m | 다시 가져올 파일을 준비 중...[39m[0m
[   7% ] [90m[1mreimport[22m | 다시 가져올 파일을 준비 중...[39m[0m
[   7% ] [90m[1mreimport[22m | 다시 가져올 파일을 준비 중...[39m[0m
[   7% ] [90m[1mreimport[22m | 다시 가져올 파일을 준비 중...[39m[0m
[   7% ] [90m[1mreimport[22m | 다시 가져올 파일을 준비 중...[39m[0m
[   7% ] [90m[1mreimport[22m | 다시 가져올 파일을 준비 중...[39m[0m
[   7% ] [90m[1mreimport[22m | 다시 가져올 파일을 준비 중...[39m[0m
[   8% ] [90m[1mreimport[22m | 다시 가져올 파일을 준비 중...[39m[0m
[   8% ] [90m[1mreimport[22m | 다시 가져올 파일을 준비 중...[39m[0m
[   8% ] [90m[1mreimport[22m | 다시 가져올 파일을 준비 중...[39m[0m
[   8% ] [90m[1mreimport[22m | 다시 가져올 파일을 준비 중...[39m[0m
[   8% ] [90m[1mreimport[22m | 다시 가져올 파일을 준비 중...[39m[0m
[   8% ] [90m[1mreimport[22m | 다시 가져올 파일을 준비 중...[39m[0m
[   8% ] [90m[1mreimport[22m | 다시 가져올 파일을 준비 중...[39m[0m
[   8% ] [90m[1mreimport[22m | 다시 가져올 파일을 준비 중...[39m[0m
[   8% ] [90m[1mreimport[22m | 다시 가져올 파일을 준비 중...[39m[0m
[   8% ] [90m[1mreimport[22m | 다시 가져올 파일을 준비 중...[39m[0m
[   8% ] [90m[1mreimport[22m | 다시 가져올 파일을 준비 중...[39m[0m
[   9% ] [90m[1mreimport[22m | 다시 가져올 파일을 준비 중...[39m[0m
[   9% ] [90m[1mreimport[22m | 다시 가져올 파일을 준비 중...[39m[0m
[   9% ] [90m[1mreimport[22m | 다시 가져올 파일을 준비 중...[39m[0m
[   9% ] [90m[1mreimport[22m | 다시 가져올 파일을 준비 중...[39m[0m
[   9% ] [90m[1mreimport[22m | 다시 가져올 파일을 준비 중...[39m[0m
[   9% ] [90m[1mreimport[22m | 다시 가져올 파일을 준비 중...[39m[0m
[   9% ] [90m[1mreimport[22m | 다시 가져올 파일을 준비 중...[39m[0m
[   9% ] [90m[1mreimport[22m | 다시 가져올 파일을 준비 중...[39m[0m
[   9% ] [90m[1mreimport[22m | 다시 가져올 파일을 준비 중...[39m[0m
[   9% ] [90m[1mreimport[22m | 다시 가져올 파일을 준비 중...[39m[0m
[   9% ] [90m[1mreimport[22m | 다시 가져올 파일을 준비 중...[39m[0m
[  10% ] [90m[1mreimport[22m | 다시 가져올 파일을 준비 중...[39m[0m
[  10% ] [90m[1mreimport[22m | 다시 가져올 파일을 준비 중...[39m[0m
[  10% ] [90m[1mreimport[22m | 다시 가져올 파일을 준비 중...[39m[0m
[  10% ] [90m[1mreimport[22m | 다시 가져올 파일을 준비 중...[39m[0m
[  10% ] [90m[1mreimport[22m | 다시 가져올 파일을 준비 중...[39m[0m
[  10% ] [90m[1mreimport[22m | 다시 가져올 파일을 준비 중...[39m[0m
[  10% ] [90m[1mreimport[22m | 다시 가져올 파일을 준비 중...[39m[0m
[  10% ] [90m[1mreimport[22m | 다시 가져올 파일을 준비 중...[39m[0m
[  10% ] [90m[1mreimport[22m | 다시 가져올 파일을 준비 중...[39m[0m
[  10% ] [90m[1mreimport[22m | 다시 가져올 파일을 준비 중...[39m[0m
[  10% ] [90m[1mreimport[22m | 다시 가져올 파일을 준비 중...[39m[0m
[  11% ] [90m[1mreimport[22m | 다시 가져올 파일을 준비 중...[39m[0m
[  11% ] [90m[1mreimport[22m | 다시 가져올 파일을 준비 중...[39m[0m
[  11% ] [90m[1mreimport[22m | 다시 가져올 파일을 준비 중...[39m[0m
[  11% ] [90m[1mreimport[22m | 다시 가져올 파일을 준비 중...[39m[0m
[  11% ] [90m[1mreimport[22m | 다시 가져올 파일을 준비 중...[39m[0m
[  11% ] [90m[1mreimport[22m | 다시 가져올 파일을 준비 중...[39m[0m
[  11% ] [90m[1mreimport[22m | 다시 가져올 파일을 준비 중...[39m[0m
[  11% ] [90m[1mreimport[22m | 다시 가져올 파일을 준비 중...[39m[0m
[  11% ] [90m[1mreimport[22m | 다시 가져올 파일을 준비 중...[39m[0m
[  11% ] [90m[1mreimport[22m | 다시 가져올 파일을 준비 중...[39m[0m
[  11% ] [90m[1mreimport[22m | 다시 가져올 파일을 준비 중...[39m[0m
[  12% ] [90m[1mreimport[22m | 다시 가져올 파일을 준비 중...[39m[0m
[  12% ] [90m[1mreimport[22m | 다시 가져올 파일을 준비 중...[39m[0m
[  12% ] [90m[1mreimport[22m | 다시 가져올 파일을 준비 중...[39m[0m
[  12% ] [90m[1mreimport[22m | 다시 가져올 파일을 준비 중...[39m[0m
[  12% ] [90m[1mreimport[22m | 다시 가져올 파일을 준비 중...[39m[0m
[  12% ] [90m[1mreimport[22m | 다시 가져올 파일을 준비 중...[39m[0m
[  12% ] [90m[1mreimport[22m | 다시 가져올 파일을 준비 중...[39m[0m
[  12% ] [90m[1mreimport[22m | 다시 가져올 파일을 준비 중...[39m[0m
[  12% ] [90m[1mreimport[22m | 다시 가져올 파일을 준비 중...[39m[0m
[  12% ] [90m[1mreimport[22m | 다시 가져올 파일을 준비 중...[39m[0m
[  12% ] [90m[1mreimport[22m | 다시 가져올 파일을 준비 중...[39m[0m
[  13% ] [90m[1mreimport[22m | 다시 가져올 파일을 준비 중...[39m[0m
[  13% ] [90m[1mreimport[22m | 다시 가져올 파일을 준비 중...[39m[0m
[  13% ] [90m[1mreimport[22m | 다시 가져올 파일을 준비 중...[39m[0m
[  13% ] [90m[1mreimport[22m | 다시 가져올 파일을 준비 중...[39m[0m
[  13% ] [90m[1mreimport[22m | 다시 가져올 파일을 준비 중...[39m[0m
[  13% ] [90m[1mreimport[22m | 다시 가져올 파일을 준비 중...[39m[0m
[  13% ] [90m[1mreimport[22m | 다시 가져올 파일을 준비 중...[39m[0m
[  13% ] [90m[1mreimport[22m | 다시 가져올 파일을 준비 중...[39m[0m
[  13% ] [90m[1mreimport[22m | 다시 가져올 파일을 준비 중...[39m[0m
[  13% ] [90m[1mreimport[22m | 다시 가져올 파일을 준비 중...[39m[0m
[  13% ] [90m[1mreimport[22m | 다시 가져올 파일을 준비 중...[39m[0m
[  14% ] [90m[1mreimport[22m | 다시 가져올 파일을 준비 중...[39m[0m
[  14% ] [90m[1mreimport[22m | 다시 가져올 파일을 준비 중...[39m[0m
[  14% ] [90m[1mreimport[22m | 다시 가져올 파일을 준비 중...[39m[0m
[  14% ] [90m[1mreimport[22m | 다시 가져올 파일을 준비 중...[39m[0m
[  14% ] [90m[1mreimport[22m | 다시 가져올 파일을 준비 중...[39m[0m
[  14% ] [90m[1mreimport[22m | 다시 가져올 파일을 준비 중...[39m[0m
[  14% ] [90m[1mreimport[22m | 다시 가져올 파일을 준비 중...[39m[0m
[  14% ] [90m[1mreimport[22m | 다시 가져올 파일을 준비 중...[39m[0m
[  14% ] [90m[1mreimport[22m | 다시 가져올 파일을 준비 중...[39m[0m
[  14% ] [90m[1mreimport[22m | 다시 가져올 파일을 준비 중...[39m[0m
[  14% ] [90m[1mreimport[22m | 다시 가져올 파일을 준비 중...[39m[0m
[  15% ] [90m[1mreimport[22m | 다시 가져올 파일을 준비 중...[39m[0m
[  15% ] [90m[1mreimport[22m | 다시 가져올 파일을 준비 중...[39m[0m
[  15% ] [90m[1mreimport[22m | 다시 가져올 파일을 준비 중...[39m[0m
[  15% ] [90m[1mreimport[22m | 다시 가져올 파일을 준비 중...[39m[0m
[  15% ] [90m[1mreimport[22m | 다시 가져올 파일을 준비 중...[39m[0m
[  15% ] [90m[1mreimport[22m | 다시 가져올 파일을 준비 중...[39m[0m
[  15% ] [90m[1mreimport[22m | 다시 가져올 파일을 준비 중...[39m[0m
[  15% ] [90m[1mreimport[22m | 다시 가져올 파일을 준비 중...[39m[0m
[  15% ] [90m[1mreimport[22m | 다시 가져올 파일을 준비 중...[39m[0m
[  15% ] [90m[1mreimport[22m | 다시 가져올 파일을 준비 중...[39m[0m
[  15% ] [90m[1mreimport[22m | 다시 가져올 파일을 준비 중...[39m[0m
[  16% ] [90m[1mreimport[22m | 다시 가져올 파일을 준비 중...[39m[0m
[  16% ] [90m[1mreimport[22m | 다시 가져올 파일을 준비 중...[39m[0m
[  16% ] [90m[1mreimport[22m | 다시 가져올 파일을 준비 중...[39m[0m
[  16% ] [90m[1mreimport[22m | 다시 가져올 파일을 준비 중...[39m[0m
[  16% ] [90m[1mreimport[22m | 다시 가져올 파일을 준비 중...[39m[0m
[  16% ] [90m[1mreimport[22m | 다시 가져올 파일을 준비 중...[39m[0m
[  16% ] [90m[1mreimport[22m | 다시 가져올 파일을 준비 중...[39m[0m
[  16% ] [90m[1mreimport[22m | 다시 가져올 파일을 준비 중...[39m[0m
[  16% ] [90m[1mreimport[22m | 다시 가져올 파일을 준비 중...[39m[0m
[  16% ] [90m[1mreimport[22m | 다시 가져올 파일을 준비 중...[39m[0m
[  16% ] [90m[1mreimport[22m | 다시 가져올 파일을 준비 중...[39m[0m
[  17% ] [90m[1mreimport[22m | 다시 가져올 파일을 준비 중...[39m[0m
[  17% ] [90m[1mreimport[22m | 다시 가져올 파일을 준비 중...[39m[0m
[  17% ] [90m[1mreimport[22m | 다시 가져올 파일을 준비 중...[39m[0m
[  17% ] [90m[1mreimport[22m | 다시 가져올 파일을 준비 중...[39m[0m
[  17% ] [90m[1mreimport[22m | 다시 가져올 파일을 준비 중...[39m[0m
[  17% ] [90m[1mreimport[22m | 다시 가져올 파일을 준비 중...[39m[0m
[  17% ] [90m[1mreimport[22m | 다시 가져올 파일을 준비 중...[39m[0m
[  17% ] [90m[1mreimport[22m | 다시 가져올 파일을 준비 중...[39m[0m
[  17% ] [90m[1mreimport[22m | 다시 가져올 파일을 준비 중...[39m[0m
[  17% ] [90m[1mreimport[22m | 다시 가져올 파일을 준비 중...[39m[0m
[  17% ] [90m[1mreimport[22m | 다시 가져올 파일을 준비 중...[39m[0m
[  18% ] [90m[1mreimport[22m | 다시 가져올 파일을 준비 중...[39m[0m
[  18% ] [90m[1mreimport[22m | 다시 가져올 파일을 준비 중...[39m[0m
[  18% ] [90m[1mreimport[22m | 다시 가져올 파일을 준비 중...[39m[0m
[  18% ] [90m[1mreimport[22m | 다시 가져올 파일을 준비 중...[39m[0m
[  18% ] [90m[1mreimport[22m | 다시 가져올 파일을 준비 중...[39m[0m
[  18% ] [90m[1mreimport[22m | 다시 가져올 파일을 준비 중...[39m[0m
[  18% ] [90m[1mreimport[22m | 다시 가져올 파일을 준비 중...[39m[0m
[  18% ] [90m[1mreimport[22m | 다시 가져올 파일을 준비 중...[39m[0m
[  18% ] [90m[1mreimport[22m | 다시 가져올 파일을 준비 중...[39m[0m
[  18% ] [90m[1mreimport[22m | 다시 가져올 파일을 준비 중...[39m[0m
[  18% ] [90m[1mreimport[22m | 다시 가져올 파일을 준비 중...[39m[0m
[  19% ] [90m[1mreimport[22m | 다시 가져올 파일을 준비 중...[39m[0m
[  19% ] [90m[1mreimport[22m | 다시 가져올 파일을 준비 중...[39m[0m
[  19% ] [90m[1mreimport[22m | 다시 가져올 파일을 준비 중...[39m[0m
[  19% ] [90m[1mreimport[22m | 다시 가져올 파일을 준비 중...[39m[0m
[  19% ] [90m[1mreimport[22m | 다시 가져올 파일을 준비 중...[39m[0m
[  19% ] [90m[1mreimport[22m | 다시 가져올 파일을 준비 중...[39m[0m
[  19% ] [90m[1mreimport[22m | 다시 가져올 파일을 준비 중...[39m[0m
[  19% ] [90m[1mreimport[22m | 다시 가져올 파일을 준비 중...[39m[0m
[  19% ] [90m[1mreimport[22m | 다시 가져올 파일을 준비 중...[39m[0m
[  19% ] [90m[1mreimport[22m | 다시 가져올 파일을 준비 중...[39m[0m
[  19% ] [90m[1mreimport[22m | 다시 가져올 파일을 준비 중...[39m[0m
[  20% ] [90m[1mreimport[22m | 다시 가져올 파일을 준비 중...[39m[0m
[  20% ] [90m[1mreimport[22m | 다시 가져올 파일을 준비 중...[39m[0m
[  20% ] [90m[1mreimport[22m | 다시 가져올 파일을 준비 중...[39m[0m
[  20% ] [90m[1mreimport[22m | 다시 가져올 파일을 준비 중...[39m[0m
[  20% ] [90m[1mreimport[22m | 다시 가져올 파일을 준비 중...[39m[0m
[  20% ] [90m[1mreimport[22m | 다시 가져올 파일을 준비 중...[39m[0m
[  20% ] [90m[1mreimport[22m | 다시 가져올 파일을 준비 중...[39m[0m
[  20% ] [90m[1mreimport[22m | 다시 가져올 파일을 준비 중...[39m[0m
[  20% ] [90m[1mreimport[22m | 다시 가져올 파일을 준비 중...[39m[0m
[  20% ] [90m[1mreimport[22m | 다시 가져올 파일을 준비 중...[39m[0m
[  20% ] [90m[1mreimport[22m | 다시 가져올 파일을 준비 중...[39m[0m
[  21% ] [90m[1mreimport[22m | 다시 가져올 파일을 준비 중...[39m[0m
[  21% ] [90m[1mreimport[22m | 다시 가져올 파일을 준비 중...[39m[0m
[  21% ] [90m[1mreimport[22m | 다시 가져올 파일을 준비 중...[39m[0m
[  21% ] [90m[1mreimport[22m | 다시 가져올 파일을 준비 중...[39m[0m
[  21% ] [90m[1mreimport[22m | 다시 가져올 파일을 준비 중...[39m[0m
[  21% ] [90m[1mreimport[22m | 다시 가져올 파일을 준비 중...[39m[0m
[  21% ] [90m[1mreimport[22m | 다시 가져올 파일을 준비 중...[39m[0m
[  21% ] [90m[1mreimport[22m | 다시 가져올 파일을 준비 중...[39m[0m
[  21% ] [90m[1mreimport[22m | 다시 가져올 파일을 준비 중...[39m[0m
[  21% ] [90m[1mreimport[22m | 다시 가져올 파일을 준비 중...[39m[0m
[  21% ] [90m[1mreimport[22m | 다시 가져올 파일을 준비 중...[39m[0m
[  22% ] [90m[1mreimport[22m | 다시 가져올 파일을 준비 중...[39m[0m
[  22% ] [90m[1mreimport[22m | 다시 가져올 파일을 준비 중...[39m[0m
[  22% ] [90m[1mreimport[22m | 다시 가져올 파일을 준비 중...[39m[0m
[  22% ] [90m[1mreimport[22m | 다시 가져올 파일을 준비 중...[39m[0m
[  22% ] [90m[1mreimport[22m | 다시 가져올 파일을 준비 중...[39m[0m
[  22% ] [90m[1mreimport[22m | 다시 가져올 파일을 준비 중...[39m[0m
[  22% ] [90m[1mreimport[22m | 다시 가져올 파일을 준비 중...[39m[0m
[  22% ] [90m[1mreimport[22m | 다시 가져올 파일을 준비 중...[39m[0m
[  22% ] [90m[1mreimport[22m | 다시 가져올 파일을 준비 중...[39m[0m
[  22% ] [90m[1mreimport[22m | 다시 가져올 파일을 준비 중...[39m[0m
[  22% ] [90m[1mreimport[22m | 다시 가져올 파일을 준비 중...[39m[0m
[  23% ] [90m[1mreimport[22m | 다시 가져올 파일을 준비 중...[39m[0m
[  23% ] [90m[1mreimport[22m | 다시 가져올 파일을 준비 중...[39m[0m
[  23% ] [90m[1mreimport[22m | 다시 가져올 파일을 준비 중...[39m[0m
[  23% ] [90m[1mreimport[22m | 다시 가져올 파일을 준비 중...[39m[0m
[  23% ] [90m[1mreimport[22m | 다시 가져올 파일을 준비 중...[39m[0m
[  23% ] [90m[1mreimport[22m | 다시 가져올 파일을 준비 중...[39m[0m
[  23% ] [90m[1mreimport[22m | 다시 가져올 파일을 준비 중...[39m[0m
[  23% ] [90m[1mreimport[22m | 다시 가져올 파일을 준비 중...[39m[0m
[  23% ] [90m[1mreimport[22m | 다시 가져올 파일을 준비 중...[39m[0m
[  23% ] [90m[1mreimport[22m | 다시 가져올 파일을 준비 중...[39m[0m
[  23% ] [90m[1mreimport[22m | 다시 가져올 파일을 준비 중...[39m[0m
[  24% ] [90m[1mreimport[22m | 다시 가져올 파일을 준비 중...[39m[0m
[  24% ] [90m[1mreimport[22m | 다시 가져올 파일을 준비 중...[39m[0m
[  24% ] [90m[1mreimport[22m | 다시 가져올 파일을 준비 중...[39m[0m
[  24% ] [90m[1mreimport[22m | 다시 가져올 파일을 준비 중...[39m[0m
[  24% ] [90m[1mreimport[22m | 다시 가져올 파일을 준비 중...[39m[0m
[  24% ] [90m[1mreimport[22m | 다시 가져올 파일을 준비 중...[39m[0m
[  24% ] [90m[1mreimport[22m | 다시 가져올 파일을 준비 중...[39m[0m
[  24% ] [90m[1mreimport[22m | 다시 가져올 파일을 준비 중...[39m[0m
[  24% ] [90m[1mreimport[22m | 다시 가져올 파일을 준비 중...[39m[0m
[  24% ] [90m[1mreimport[22m | 다시 가져올 파일을 준비 중...[39m[0m
[  24% ] [90m[1mreimport[22m | 다시 가져올 파일을 준비 중...[39m[0m
[  25% ] [90m[1mreimport[22m | 다시 가져올 파일을 준비 중...[39m[0m
[  25% ] [90m[1mreimport[22m | 다시 가져올 파일을 준비 중...[39m[0m
[  25% ] [90m[1mreimport[22m | 다시 가져올 파일을 준비 중...[39m[0m
[  25% ] [90m[1mreimport[22m | 다시 가져올 파일을 준비 중...[39m[0m
[  25% ] [90m[1mreimport[22m | 다시 가져올 파일을 준비 중...[39m[0m
[  25% ] [90m[1mreimport[22m | 다시 가져올 파일을 준비 중...[39m[0m
[  25% ] [90m[1mreimport[22m | 다시 가져올 파일을 준비 중...[39m[0m
[  25% ] [90m[1mreimport[22m | 다시 가져올 파일을 준비 중...[39m[0m
[  25% ] [90m[1mreimport[22m | 다시 가져올 파일을 준비 중...[39m[0m
[  25% ] [90m[1mreimport[22m | 다시 가져올 파일을 준비 중...[39m[0m
[  25% ] [90m[1mreimport[22m | 다시 가져올 파일을 준비 중...[39m[0m
[  26% ] [90m[1mreimport[22m | 다시 가져올 파일을 준비 중...[39m[0m
[  26% ] [90m[1mreimport[22m | 다시 가져올 파일을 준비 중...[39m[0m
[  26% ] [90m[1mreimport[22m | 다시 가져올 파일을 준비 중...[39m[0m
[  26% ] [90m[1mreimport[22m | 다시 가져올 파일을 준비 중...[39m[0m
[  26% ] [90m[1mreimport[22m | 다시 가져올 파일을 준비 중...[39m[0m
[  26% ] [90m[1mreimport[22m | 다시 가져올 파일을 준비 중...[39m[0m
[  26% ] [90m[1mreimport[22m | 다시 가져올 파일을 준비 중...[39m[0m
[  26% ] [90m[1mreimport[22m | 다시 가져올 파일을 준비 중...[39m[0m
[  26% ] [90m[1mreimport[22m | 다시 가져올 파일을 준비 중...[39m[0m
[  26% ] [90m[1mreimport[22m | 다시 가져올 파일을 준비 중...[39m[0m
[  26% ] [90m[1mreimport[22m | 다시 가져올 파일을 준비 중...[39m[0m
[  27% ] [90m[1mreimport[22m | 다시 가져올 파일을 준비 중...[39m[0m
[  27% ] [90m[1mreimport[22m | 다시 가져올 파일을 준비 중...[39m[0m
[  27% ] [90m[1mreimport[22m | 다시 가져올 파일을 준비 중...[39m[0m
[  27% ] [90m[1mreimport[22m | 다시 가져올 파일을 준비 중...[39m[0m
[  27% ] [90m[1mreimport[22m | 다시 가져올 파일을 준비 중...[39m[0m
[  27% ] [90m[1mreimport[22m | 다시 가져올 파일을 준비 중...[39m[0m
[  27% ] [90m[1mreimport[22m | 다시 가져올 파일을 준비 중...[39m[0m
[  27% ] [90m[1mreimport[22m | 다시 가져올 파일을 준비 중...[39m[0m
[  27% ] [90m[1mreimport[22m | 다시 가져올 파일을 준비 중...[39m[0m
[  27% ] [90m[1mreimport[22m | 다시 가져올 파일을 준비 중...[39m[0m
[  27% ] [90m[1mreimport[22m | 다시 가져올 파일을 준비 중...[39m[0m
[  28% ] [90m[1mreimport[22m | 다시 가져올 파일을 준비 중...[39m[0m
[  28% ] [90m[1mreimport[22m | 다시 가져올 파일을 준비 중...[39m[0m
[  28% ] [90m[1mreimport[22m | 다시 가져올 파일을 준비 중...[39m[0m
[  28% ] [90m[1mreimport[22m | 다시 가져올 파일을 준비 중...[39m[0m
[  28% ] [90m[1mreimport[22m | 다시 가져올 파일을 준비 중...[39m[0m
[  28% ] [90m[1mreimport[22m | 다시 가져올 파일을 준비 중...[39m[0m
[  28% ] [90m[1mreimport[22m | 다시 가져올 파일을 준비 중...[39m[0m
[  28% ] [90m[1mreimport[22m | 다시 가져올 파일을 준비 중...[39m[0m
[  28% ] [90m[1mreimport[22m | 다시 가져올 파일을 준비 중...[39m[0m
[  28% ] [90m[1mreimport[22m | 다시 가져올 파일을 준비 중...[39m[0m
[  28% ] [90m[1mreimport[22m | 다시 가져올 파일을 준비 중...[39m[0m
[  29% ] [90m[1mreimport[22m | 다시 가져올 파일을 준비 중...[39m[0m
[  29% ] [90m[1mreimport[22m | 다시 가져올 파일을 준비 중...[39m[0m
[  29% ] [90m[1mreimport[22m | 다시 가져올 파일을 준비 중...[39m[0m
[  29% ] [90m[1mreimport[22m | 다시 가져올 파일을 준비 중...[39m[0m
[  29% ] [90m[1mreimport[22m | 다시 가져올 파일을 준비 중...[39m[0m
[  29% ] [90m[1mreimport[22m | 다시 가져올 파일을 준비 중...[39m[0m
[  29% ] [90m[1mreimport[22m | 다시 가져올 파일을 준비 중...[39m[0m
[  29% ] [90m[1mreimport[22m | 다시 가져올 파일을 준비 중...[39m[0m
[  29% ] [90m[1mreimport[22m | 다시 가져올 파일을 준비 중...[39m[0m
[  29% ] [90m[1mreimport[22m | 다시 가져올 파일을 준비 중...[39m[0m
[  29% ] [90m[1mreimport[22m | 다시 가져올 파일을 준비 중...[39m[0m
[  30% ] [90m[1mreimport[22m | 다시 가져올 파일을 준비 중...[39m[0m
[  30% ] [90m[1mreimport[22m | 다시 가져올 파일을 준비 중...[39m[0m
[  30% ] [90m[1mreimport[22m | 다시 가져올 파일을 준비 중...[39m[0m
[  30% ] [90m[1mreimport[22m | 다시 가져올 파일을 준비 중...[39m[0m
[  30% ] [90m[1mreimport[22m | 다시 가져올 파일을 준비 중...[39m[0m
[  30% ] [90m[1mreimport[22m | 다시 가져올 파일을 준비 중...[39m[0m
[  30% ] [90m[1mreimport[22m | 다시 가져올 파일을 준비 중...[39m[0m
[  30% ] [90m[1mreimport[22m | 다시 가져올 파일을 준비 중...[39m[0m
[  30% ] [90m[1mreimport[22m | 다시 가져올 파일을 준비 중...[39m[0m
[  30% ] [90m[1mreimport[22m | 다시 가져올 파일을 준비 중...[39m[0m
[  30% ] [90m[1mreimport[22m | 다시 가져올 파일을 준비 중...[39m[0m
[  31% ] [90m[1mreimport[22m | 다시 가져올 파일을 준비 중...[39m[0m
[  31% ] [90m[1mreimport[22m | 다시 가져올 파일을 준비 중...[39m[0m
[  31% ] [90m[1mreimport[22m | 다시 가져올 파일을 준비 중...[39m[0m
[  31% ] [90m[1mreimport[22m | 다시 가져올 파일을 준비 중...[39m[0m
[  31% ] [90m[1mreimport[22m | 다시 가져올 파일을 준비 중...[39m[0m
[  31% ] [90m[1mreimport[22m | 다시 가져올 파일을 준비 중...[39m[0m
[  31% ] [90m[1mreimport[22m | 다시 가져올 파일을 준비 중...[39m[0m
[  31% ] [90m[1mreimport[22m | 다시 가져올 파일을 준비 중...[39m[0m
[  31% ] [90m[1mreimport[22m | 다시 가져올 파일을 준비 중...[39m[0m
[  31% ] [90m[1mreimport[22m | 다시 가져올 파일을 준비 중...[39m[0m
[  31% ] [90m[1mreimport[22m | 다시 가져올 파일을 준비 중...[39m[0m
[  32% ] [90m[1mreimport[22m | 다시 가져올 파일을 준비 중...[39m[0m
[  32% ] [90m[1mreimport[22m | 다시 가져올 파일을 준비 중...[39m[0m
[  32% ] [90m[1mreimport[22m | 다시 가져올 파일을 준비 중...[39m[0m
[  32% ] [90m[1mreimport[22m | 다시 가져올 파일을 준비 중...[39m[0m
[  32% ] [90m[1mreimport[22m | 다시 가져올 파일을 준비 중...[39m[0m
[  32% ] [90m[1mreimport[22m | 다시 가져올 파일을 준비 중...[39m[0m
[  32% ] [90m[1mreimport[22m | 다시 가져올 파일을 준비 중...[39m[0m
[  32% ] [90m[1mreimport[22m | 다시 가져올 파일을 준비 중...[39m[0m
[  32% ] [90m[1mreimport[22m | 다시 가져올 파일을 준비 중...[39m[0m
[  32% ] [90m[1mreimport[22m | 다시 가져올 파일을 준비 중...[39m[0m
[  32% ] [90m[1mreimport[22m | 다시 가져올 파일을 준비 중...[39m[0m
[  33% ] [90m[1mreimport[22m | 다시 가져올 파일을 준비 중...[39m[0m
[  33% ] [90m[1mreimport[22m | 다시 가져올 파일을 준비 중...[39m[0m
[  33% ] [90m[1mreimport[22m | 다시 가져올 파일을 준비 중...[39m[0m
[  33% ] [90m[1mreimport[22m | 다시 가져올 파일을 준비 중...[39m[0m
[  33% ] [90m[1mreimport[22m | 다시 가져올 파일을 준비 중...[39m[0m
[  33% ] [90m[1mreimport[22m | 다시 가져올 파일을 준비 중...[39m[0m
[  33% ] [90m[1mreimport[22m | 다시 가져올 파일을 준비 중...[39m[0m
[  33% ] [90m[1mreimport[22m | 다시 가져올 파일을 준비 중...[39m[0m
[  33% ] [90m[1mreimport[22m | 다시 가져올 파일을 준비 중...[39m[0m
[  33% ] [90m[1mreimport[22m | 다시 가져올 파일을 준비 중...[39m[0m
[  34% ] [90m[1mreimport[22m | 다시 가져올 파일을 준비 중...[39m[0m
[  34% ] [90m[1mreimport[22m | 다시 가져올 파일을 준비 중...[39m[0m
[  34% ] [90m[1mreimport[22m | 다시 가져올 파일을 준비 중...[39m[0m
[  34% ] [90m[1mreimport[22m | 다시 가져올 파일을 준비 중...[39m[0m
[  34% ] [90m[1mreimport[22m | 다시 가져올 파일을 준비 중...[39m[0m
[  34% ] [90m[1mreimport[22m | 다시 가져올 파일을 준비 중...[39m[0m
[  34% ] [90m[1mreimport[22m | 다시 가져올 파일을 준비 중...[39m[0m
[  34% ] [90m[1mreimport[22m | 다시 가져올 파일을 준비 중...[39m[0m
[  34% ] [90m[1mreimport[22m | 다시 가져올 파일을 준비 중...[39m[0m
[  34% ] [90m[1mreimport[22m | 다시 가져올 파일을 준비 중...[39m[0m
[  34% ] [90m[1mreimport[22m | 다시 가져올 파일을 준비 중...[39m[0m
[  35% ] [90m[1mreimport[22m | 다시 가져올 파일을 준비 중...[39m[0m
[  35% ] [90m[1mreimport[22m | 다시 가져올 파일을 준비 중...[39m[0m
[  35% ] [90m[1mreimport[22m | 다시 가져올 파일을 준비 중...[39m[0m
[  35% ] [90m[1mreimport[22m | 다시 가져올 파일을 준비 중...[39m[0m
[  35% ] [90m[1mreimport[22m | 다시 가져올 파일을 준비 중...[39m[0m
[  35% ] [90m[1mreimport[22m | 다시 가져올 파일을 준비 중...[39m[0m
[  35% ] [90m[1mreimport[22m | 다시 가져올 파일을 준비 중...[39m[0m
[  35% ] [90m[1mreimport[22m | 다시 가져올 파일을 준비 중...[39m[0m
[  35% ] [90m[1mreimport[22m | 다시 가져올 파일을 준비 중...[39m[0m
[  35% ] [90m[1mreimport[22m | 다시 가져올 파일을 준비 중...[39m[0m
[  35% ] [90m[1mreimport[22m | 다시 가져올 파일을 준비 중...[39m[0m
[  36% ] [90m[1mreimport[22m | 다시 가져올 파일을 준비 중...[39m[0m
[  36% ] [90m[1mreimport[22m | 다시 가져올 파일을 준비 중...[39m[0m
[  36% ] [90m[1mreimport[22m | 다시 가져올 파일을 준비 중...[39m[0m
[  36% ] [90m[1mreimport[22m | 다시 가져올 파일을 준비 중...[39m[0m
[  36% ] [90m[1mreimport[22m | 다시 가져올 파일을 준비 중...[39m[0m
[  36% ] [90m[1mreimport[22m | 다시 가져올 파일을 준비 중...[39m[0m
[  36% ] [90m[1mreimport[22m | 다시 가져올 파일을 준비 중...[39m[0m
[  36% ] [90m[1mreimport[22m | 다시 가져올 파일을 준비 중...[39m[0m
[  36% ] [90m[1mreimport[22m | 다시 가져올 파일을 준비 중...[39m[0m
[  36% ] [90m[1mreimport[22m | 다시 가져올 파일을 준비 중...[39m[0m
[  36% ] [90m[1mreimport[22m | 다시 가져올 파일을 준비 중...[39m[0m
[  37% ] [90m[1mreimport[22m | 다시 가져올 파일을 준비 중...[39m[0m
[  37% ] [90m[1mreimport[22m | 다시 가져올 파일을 준비 중...[39m[0m
[  37% ] [90m[1mreimport[22m | 다시 가져올 파일을 준비 중...[39m[0m
[  37% ] [90m[1mreimport[22m | 다시 가져올 파일을 준비 중...[39m[0m
[  37% ] [90m[1mreimport[22m | 다시 가져올 파일을 준비 중...[39m[0m
[  37% ] [90m[1mreimport[22m | 다시 가져올 파일을 준비 중...[39m[0m
[  37% ] [90m[1mreimport[22m | 다시 가져올 파일을 준비 중...[39m[0m
[  37% ] [90m[1mreimport[22m | 다시 가져올 파일을 준비 중...[39m[0m
[  37% ] [90m[1mreimport[22m | 다시 가져올 파일을 준비 중...[39m[0m
[  37% ] [90m[1mreimport[22m | 다시 가져올 파일을 준비 중...[39m[0m
[  37% ] [90m[1mreimport[22m | 다시 가져올 파일을 준비 중...[39m[0m
[  38% ] [90m[1mreimport[22m | 다시 가져올 파일을 준비 중...[39m[0m
[  38% ] [90m[1mreimport[22m | 다시 가져올 파일을 준비 중...[39m[0m
[  38% ] [90m[1mreimport[22m | 다시 가져올 파일을 준비 중...[39m[0m
[  38% ] [90m[1mreimport[22m | 다시 가져올 파일을 준비 중...[39m[0m
[  38% ] [90m[1mreimport[22m | 다시 가져올 파일을 준비 중...[39m[0m
[  38% ] [90m[1mreimport[22m | 다시 가져올 파일을 준비 중...[39m[0m
[  38% ] [90m[1mreimport[22m | 다시 가져올 파일을 준비 중...[39m[0m
[  38% ] [90m[1mreimport[22m | 다시 가져올 파일을 준비 중...[39m[0m
[  38% ] [90m[1mreimport[22m | 다시 가져올 파일을 준비 중...[39m[0m
[  38% ] [90m[1mreimport[22m | 다시 가져올 파일을 준비 중...[39m[0m
[  38% ] [90m[1mreimport[22m | 다시 가져올 파일을 준비 중...[39m[0m
[  39% ] [90m[1mreimport[22m | 다시 가져올 파일을 준비 중...[39m[0m
[  39% ] [90m[1mreimport[22m | 다시 가져올 파일을 준비 중...[39m[0m
[  39% ] [90m[1mreimport[22m | 다시 가져올 파일을 준비 중...[39m[0m
[  39% ] [90m[1mreimport[22m | 다시 가져올 파일을 준비 중...[39m[0m
[  39% ] [90m[1mreimport[22m | 다시 가져올 파일을 준비 중...[39m[0m
[  39% ] [90m[1mreimport[22m | 다시 가져올 파일을 준비 중...[39m[0m
[  39% ] [90m[1mreimport[22m | 다시 가져올 파일을 준비 중...[39m[0m
[  39% ] [90m[1mreimport[22m | 다시 가져올 파일을 준비 중...[39m[0m
[  39% ] [90m[1mreimport[22m | 다시 가져올 파일을 준비 중...[39m[0m
[  39% ] [90m[1mreimport[22m | 다시 가져올 파일을 준비 중...[39m[0m
[  39% ] [90m[1mreimport[22m | 다시 가져올 파일을 준비 중...[39m[0m
[  40% ] [90m[1mreimport[22m | 다시 가져올 파일을 준비 중...[39m[0m
[  40% ] [90m[1mreimport[22m | 다시 가져올 파일을 준비 중...[39m[0m
[  40% ] [90m[1mreimport[22m | 다시 가져올 파일을 준비 중...[39m[0m
[  40% ] [90m[1mreimport[22m | 다시 가져올 파일을 준비 중...[39m[0m
[  40% ] [90m[1mreimport[22m | 다시 가져올 파일을 준비 중...[39m[0m
[  40% ] [90m[1mreimport[22m | 다시 가져올 파일을 준비 중...[39m[0m
[  40% ] [90m[1mreimport[22m | 다시 가져올 파일을 준비 중...[39m[0m
[  40% ] [90m[1mreimport[22m | 다시 가져올 파일을 준비 중...[39m[0m
[  40% ] [90m[1mreimport[22m | 다시 가져올 파일을 준비 중...[39m[0m
[  40% ] [90m[1mreimport[22m | 다시 가져올 파일을 준비 중...[39m[0m
[  40% ] [90m[1mreimport[22m | 다시 가져올 파일을 준비 중...[39m[0m
[  41% ] [90m[1mreimport[22m | 다시 가져올 파일을 준비 중...[39m[0m
[  41% ] [90m[1mreimport[22m | 다시 가져올 파일을 준비 중...[39m[0m
[  41% ] [90m[1mreimport[22m | 다시 가져올 파일을 준비 중...[39m[0m
[  41% ] [90m[1mreimport[22m | 다시 가져올 파일을 준비 중...[39m[0m
[  41% ] [90m[1mreimport[22m | 다시 가져올 파일을 준비 중...[39m[0m
[  41% ] [90m[1mreimport[22m | 다시 가져올 파일을 준비 중...[39m[0m
[  41% ] [90m[1mreimport[22m | 다시 가져올 파일을 준비 중...[39m[0m
[  41% ] [90m[1mreimport[22m | 다시 가져올 파일을 준비 중...[39m[0m
[  41% ] [90m[1mreimport[22m | 다시 가져올 파일을 준비 중...[39m[0m
[  41% ] [90m[1mreimport[22m | 다시 가져올 파일을 준비 중...[39m[0m
[  41% ] [90m[1mreimport[22m | 다시 가져올 파일을 준비 중...[39m[0m
[  42% ] [90m[1mreimport[22m | 다시 가져올 파일을 준비 중...[39m[0m
[  42% ] [90m[1mreimport[22m | 다시 가져올 파일을 준비 중...[39m[0m
[  42% ] [90m[1mreimport[22m | 다시 가져올 파일을 준비 중...[39m[0m
[  42% ] [90m[1mreimport[22m | 다시 가져올 파일을 준비 중...[39m[0m
[  42% ] [90m[1mreimport[22m | 다시 가져올 파일을 준비 중...[39m[0m
[  42% ] [90m[1mreimport[22m | 다시 가져올 파일을 준비 중...[39m[0m
[  42% ] [90m[1mreimport[22m | 다시 가져올 파일을 준비 중...[39m[0m
[  42% ] [90m[1mreimport[22m | 다시 가져올 파일을 준비 중...[39m[0m
[  42% ] [90m[1mreimport[22m | 다시 가져올 파일을 준비 중...[39m[0m
[  42% ] [90m[1mreimport[22m | 다시 가져올 파일을 준비 중...[39m[0m
[  42% ] [90m[1mreimport[22m | 다시 가져올 파일을 준비 중...[39m[0m
[  43% ] [90m[1mreimport[22m | 다시 가져올 파일을 준비 중...[39m[0m
[  43% ] [90m[1mreimport[22m | 다시 가져올 파일을 준비 중...[39m[0m
[  43% ] [90m[1mreimport[22m | 다시 가져올 파일을 준비 중...[39m[0m
[  43% ] [90m[1mreimport[22m | 다시 가져올 파일을 준비 중...[39m[0m
[  43% ] [90m[1mreimport[22m | 다시 가져올 파일을 준비 중...[39m[0m
[  43% ] [90m[1mreimport[22m | 다시 가져올 파일을 준비 중...[39m[0m
[  43% ] [90m[1mreimport[22m | 다시 가져올 파일을 준비 중...[39m[0m
[  43% ] [90m[1mreimport[22m | 다시 가져올 파일을 준비 중...[39m[0m
[  43% ] [90m[1mreimport[22m | 다시 가져올 파일을 준비 중...[39m[0m
[  43% ] [90m[1mreimport[22m | 다시 가져올 파일을 준비 중...[39m[0m
[  43% ] [90m[1mreimport[22m | 다시 가져올 파일을 준비 중...[39m[0m
[  44% ] [90m[1mreimport[22m | 다시 가져올 파일을 준비 중...[39m[0m
[  44% ] [90m[1mreimport[22m | 다시 가져올 파일을 준비 중...[39m[0m
[  44% ] [90m[1mreimport[22m | 다시 가져올 파일을 준비 중...[39m[0m
[  44% ] [90m[1mreimport[22m | 다시 가져올 파일을 준비 중...[39m[0m
[  44% ] [90m[1mreimport[22m | 다시 가져올 파일을 준비 중...[39m[0m
[  44% ] [90m[1mreimport[22m | 다시 가져올 파일을 준비 중...[39m[0m
[  44% ] [90m[1mreimport[22m | 다시 가져올 파일을 준비 중...[39m[0m
[  44% ] [90m[1mreimport[22m | 다시 가져올 파일을 준비 중...[39m[0m
[  44% ] [90m[1mreimport[22m | 다시 가져올 파일을 준비 중...[39m[0m
[  44% ] [90m[1mreimport[22m | 다시 가져올 파일을 준비 중...[39m[0m
[  44% ] [90m[1mreimport[22m | 다시 가져올 파일을 준비 중...[39m[0m
[  45% ] [90m[1mreimport[22m | 다시 가져올 파일을 준비 중...[39m[0m
[  45% ] [90m[1mreimport[22m | 다시 가져올 파일을 준비 중...[39m[0m
[  45% ] [90m[1mreimport[22m | 다시 가져올 파일을 준비 중...[39m[0m
[  45% ] [90m[1mreimport[22m | 다시 가져올 파일을 준비 중...[39m[0m
[  45% ] [90m[1mreimport[22m | 다시 가져올 파일을 준비 중...[39m[0m
[  45% ] [90m[1mreimport[22m | 다시 가져올 파일을 준비 중...[39m[0m
[  45% ] [90m[1mreimport[22m | 다시 가져올 파일을 준비 중...[39m[0m
[  45% ] [90m[1mreimport[22m | 다시 가져올 파일을 준비 중...[39m[0m
[  45% ] [90m[1mreimport[22m | 다시 가져올 파일을 준비 중...[39m[0m
[  45% ] [90m[1mreimport[22m | 다시 가져올 파일을 준비 중...[39m[0m
[  45% ] [90m[1mreimport[22m | 다시 가져올 파일을 준비 중...[39m[0m
[  46% ] [90m[1mreimport[22m | 다시 가져올 파일을 준비 중...[39m[0m
[  46% ] [90m[1mreimport[22m | 다시 가져올 파일을 준비 중...[39m[0m
[  46% ] [90m[1mreimport[22m | 다시 가져올 파일을 준비 중...[39m[0m
[  46% ] [90m[1mreimport[22m | 다시 가져올 파일을 준비 중...[39m[0m
[  46% ] [90m[1mreimport[22m | 다시 가져올 파일을 준비 중...[39m[0m
[  46% ] [90m[1mreimport[22m | 다시 가져올 파일을 준비 중...[39m[0m
[  46% ] [90m[1mreimport[22m | 다시 가져올 파일을 준비 중...[39m[0m
[  46% ] [90m[1mreimport[22m | 다시 가져올 파일을 준비 중...[39m[0m
[  46% ] [90m[1mreimport[22m | 다시 가져올 파일을 준비 중...[39m[0m
[  46% ] [90m[1mreimport[22m | 다시 가져올 파일을 준비 중...[39m[0m
[  46% ] [90m[1mreimport[22m | 다시 가져올 파일을 준비 중...[39m[0m
[  47% ] [90m[1mreimport[22m | 다시 가져올 파일을 준비 중...[39m[0m
[  47% ] [90m[1mreimport[22m | 다시 가져올 파일을 준비 중...[39m[0m
[  47% ] [90m[1mreimport[22m | 다시 가져올 파일을 준비 중...[39m[0m
[  47% ] [90m[1mreimport[22m | 다시 가져올 파일을 준비 중...[39m[0m
[  47% ] [90m[1mreimport[22m | 다시 가져올 파일을 준비 중...[39m[0m
[  47% ] [90m[1mreimport[22m | 다시 가져올 파일을 준비 중...[39m[0m
[  47% ] [90m[1mreimport[22m | 다시 가져올 파일을 준비 중...[39m[0m
[  47% ] [90m[1mreimport[22m | 다시 가져올 파일을 준비 중...[39m[0m
[  47% ] [90m[1mreimport[22m | 다시 가져올 파일을 준비 중...[39m[0m
[  47% ] [90m[1mreimport[22m | 다시 가져올 파일을 준비 중...[39m[0m
[  47% ] [90m[1mreimport[22m | 다시 가져올 파일을 준비 중...[39m[0m
[  48% ] [90m[1mreimport[22m | 다시 가져올 파일을 준비 중...[39m[0m
[  48% ] [90m[1mreimport[22m | 다시 가져올 파일을 준비 중...[39m[0m
[  48% ] [90m[1mreimport[22m | 다시 가져올 파일을 준비 중...[39m[0m
[  48% ] [90m[1mreimport[22m | 다시 가져올 파일을 준비 중...[39m[0m
[  48% ] [90m[1mreimport[22m | 다시 가져올 파일을 준비 중...[39m[0m
[  48% ] [90m[1mreimport[22m | 다시 가져올 파일을 준비 중...[39m[0m
[  48% ] [90m[1mreimport[22m | 다시 가져올 파일을 준비 중...[39m[0m
[  48% ] [90m[1mreimport[22m | 다시 가져올 파일을 준비 중...[39m[0m
[  48% ] [90m[1mreimport[22m | 다시 가져올 파일을 준비 중...[39m[0m
[  48% ] [90m[1mreimport[22m | 다시 가져올 파일을 준비 중...[39m[0m
[  48% ] [90m[1mreimport[22m | 다시 가져올 파일을 준비 중...[39m[0m
[  49% ] [90m[1mreimport[22m | 다시 가져올 파일을 준비 중...[39m[0m
[  49% ] [90m[1mreimport[22m | 다시 가져올 파일을 준비 중...[39m[0m
[  49% ] [90m[1mreimport[22m | 다시 가져올 파일을 준비 중...[39m[0m
[  49% ] [90m[1mreimport[22m | 다시 가져올 파일을 준비 중...[39m[0m
[  49% ] [90m[1mreimport[22m | 다시 가져올 파일을 준비 중...[39m[0m
[  49% ] [90m[1mreimport[22m | 다시 가져올 파일을 준비 중...[39m[0m
[  49% ] [90m[1mreimport[22m | 다시 가져올 파일을 준비 중...[39m[0m
[  49% ] [90m[1mreimport[22m | 다시 가져올 파일을 준비 중...[39m[0m
[  49% ] [90m[1mreimport[22m | 다시 가져올 파일을 준비 중...[39m[0m
[  49% ] [90m[1mreimport[22m | 다시 가져올 파일을 준비 중...[39m[0m
[  49% ] [90m[1mreimport[22m | 다시 가져올 파일을 준비 중...[39m[0m
[  50% ] [90m[1mreimport[22m | 다시 가져올 파일을 준비 중...[39m[0m
[  50% ] [90m[1mreimport[22m | 다시 가져올 파일을 준비 중...[39m[0m
[  50% ] [90m[1mreimport[22m | 다시 가져올 파일을 준비 중...[39m[0m
[  50% ] [90m[1mreimport[22m | 다시 가져올 파일을 준비 중...[39m[0m
[  50% ] [90m[1mreimport[22m | 다시 가져올 파일을 준비 중...[39m[0m
[  50% ] [90m[1mreimport[22m | 다시 가져올 파일을 준비 중...[39m[0m
[  50% ] [90m[1mreimport[22m | 다시 가져올 파일을 준비 중...[39m[0m
[  50% ] [90m[1mreimport[22m | 다시 가져올 파일을 준비 중...[39m[0m
[  50% ] [90m[1mreimport[22m | 다시 가져올 파일을 준비 중...[39m[0m
[  50% ] [90m[1mreimport[22m | 다시 가져올 파일을 준비 중...[39m[0m
[  50% ] [90m[1mreimport[22m | 다시 가져올 파일을 준비 중...[39m[0m
[  51% ] [90m[1mreimport[22m | 다시 가져올 파일을 준비 중...[39m[0m
[  51% ] [90m[1mreimport[22m | 다시 가져올 파일을 준비 중...[39m[0m
[  51% ] [90m[1mreimport[22m | 다시 가져올 파일을 준비 중...[39m[0m
[  51% ] [90m[1mreimport[22m | 다시 가져올 파일을 준비 중...[39m[0m
[  51% ] [90m[1mreimport[22m | 다시 가져올 파일을 준비 중...[39m[0m
[  51% ] [90m[1mreimport[22m | 다시 가져올 파일을 준비 중...[39m[0m
[  51% ] [90m[1mreimport[22m | 다시 가져올 파일을 준비 중...[39m[0m
[  51% ] [90m[1mreimport[22m | 다시 가져올 파일을 준비 중...[39m[0m
[  51% ] [90m[1mreimport[22m | 다시 가져올 파일을 준비 중...[39m[0m
[  51% ] [90m[1mreimport[22m | 다시 가져올 파일을 준비 중...[39m[0m
[  51% ] [90m[1mreimport[22m | 다시 가져올 파일을 준비 중...[39m[0m
[  52% ] [90m[1mreimport[22m | 다시 가져올 파일을 준비 중...[39m[0m
[  52% ] [90m[1mreimport[22m | 다시 가져올 파일을 준비 중...[39m[0m
[  52% ] [90m[1mreimport[22m | 다시 가져올 파일을 준비 중...[39m[0m
[  52% ] [90m[1mreimport[22m | 다시 가져올 파일을 준비 중...[39m[0m
[  52% ] [90m[1mreimport[22m | 다시 가져올 파일을 준비 중...[39m[0m
[  52% ] [90m[1mreimport[22m | 다시 가져올 파일을 준비 중...[39m[0m
[  52% ] [90m[1mreimport[22m | 다시 가져올 파일을 준비 중...[39m[0m
[  52% ] [90m[1mreimport[22m | 다시 가져올 파일을 준비 중...[39m[0m
[  52% ] [90m[1mreimport[22m | 다시 가져올 파일을 준비 중...[39m[0m
[  52% ] [90m[1mreimport[22m | 다시 가져올 파일을 준비 중...[39m[0m
[  52% ] [90m[1mreimport[22m | 다시 가져올 파일을 준비 중...[39m[0m
[  53% ] [90m[1mreimport[22m | 다시 가져올 파일을 준비 중...[39m[0m
[  53% ] [90m[1mreimport[22m | 다시 가져올 파일을 준비 중...[39m[0m
[  53% ] [90m[1mreimport[22m | 다시 가져올 파일을 준비 중...[39m[0m
[  53% ] [90m[1mreimport[22m | 다시 가져올 파일을 준비 중...[39m[0m
[  53% ] [90m[1mreimport[22m | 다시 가져올 파일을 준비 중...[39m[0m
[  53% ] [90m[1mreimport[22m | 다시 가져올 파일을 준비 중...[39m[0m
[  53% ] [90m[1mreimport[22m | 다시 가져올 파일을 준비 중...[39m[0m
[  53% ] [90m[1mreimport[22m | 다시 가져올 파일을 준비 중...[39m[0m
[  53% ] [90m[1mreimport[22m | 다시 가져올 파일을 준비 중...[39m[0m
[  53% ] [90m[1mreimport[22m | 다시 가져올 파일을 준비 중...[39m[0m
[  53% ] [90m[1mreimport[22m | 다시 가져올 파일을 준비 중...[39m[0m
[  54% ] [90m[1mreimport[22m | 다시 가져올 파일을 준비 중...[39m[0m
[  54% ] [90m[1mreimport[22m | 다시 가져올 파일을 준비 중...[39m[0m
[  54% ] [90m[1mreimport[22m | 다시 가져올 파일을 준비 중...[39m[0m
[  54% ] [90m[1mreimport[22m | 다시 가져올 파일을 준비 중...[39m[0m
[  54% ] [90m[1mreimport[22m | 다시 가져올 파일을 준비 중...[39m[0m
[  54% ] [90m[1mreimport[22m | 다시 가져올 파일을 준비 중...[39m[0m
[  54% ] [90m[1mreimport[22m | 다시 가져올 파일을 준비 중...[39m[0m
[  54% ] [90m[1mreimport[22m | 다시 가져올 파일을 준비 중...[39m[0m
[  54% ] [90m[1mreimport[22m | 다시 가져올 파일을 준비 중...[39m[0m
[  54% ] [90m[1mreimport[22m | 다시 가져올 파일을 준비 중...[39m[0m
[  54% ] [90m[1mreimport[22m | 다시 가져올 파일을 준비 중...[39m[0m
[  55% ] [90m[1mreimport[22m | 다시 가져올 파일을 준비 중...[39m[0m
[  55% ] [90m[1mreimport[22m | 다시 가져올 파일을 준비 중...[39m[0m
[  55% ] [90m[1mreimport[22m | 다시 가져올 파일을 준비 중...[39m[0m
[  55% ] [90m[1mreimport[22m | 다시 가져올 파일을 준비 중...[39m[0m
[  55% ] [90m[1mreimport[22m | 다시 가져올 파일을 준비 중...[39m[0m
[  55% ] [90m[1mreimport[22m | 다시 가져올 파일을 준비 중...[39m[0m
[  55% ] [90m[1mreimport[22m | 다시 가져올 파일을 준비 중...[39m[0m
[  55% ] [90m[1mreimport[22m | 다시 가져올 파일을 준비 중...[39m[0m
[  55% ] [90m[1mreimport[22m | 다시 가져올 파일을 준비 중...[39m[0m
[  55% ] [90m[1mreimport[22m | 다시 가져올 파일을 준비 중...[39m[0m
[  55% ] [90m[1mreimport[22m | 다시 가져올 파일을 준비 중...[39m[0m
[  56% ] [90m[1mreimport[22m | 다시 가져올 파일을 준비 중...[39m[0m
[  56% ] [90m[1mreimport[22m | 다시 가져올 파일을 준비 중...[39m[0m
[  56% ] [90m[1mreimport[22m | 다시 가져올 파일을 준비 중...[39m[0m
[  56% ] [90m[1mreimport[22m | 다시 가져올 파일을 준비 중...[39m[0m
[  56% ] [90m[1mreimport[22m | 다시 가져올 파일을 준비 중...[39m[0m
[  56% ] [90m[1mreimport[22m | 다시 가져올 파일을 준비 중...[39m[0m
[  56% ] [90m[1mreimport[22m | 다시 가져올 파일을 준비 중...[39m[0m
[  56% ] [90m[1mreimport[22m | 다시 가져올 파일을 준비 중...[39m[0m
[  56% ] [90m[1mreimport[22m | 다시 가져올 파일을 준비 중...[39m[0m
[  56% ] [90m[1mreimport[22m | 다시 가져올 파일을 준비 중...[39m[0m
[  56% ] [90m[1mreimport[22m | 다시 가져올 파일을 준비 중...[39m[0m
[  57% ] [90m[1mreimport[22m | 다시 가져올 파일을 준비 중...[39m[0m
[  57% ] [90m[1mreimport[22m | 다시 가져올 파일을 준비 중...[39m[0m
[  57% ] [90m[1mreimport[22m | 다시 가져올 파일을 준비 중...[39m[0m
[  57% ] [90m[1mreimport[22m | 다시 가져올 파일을 준비 중...[39m[0m
[  57% ] [90m[1mreimport[22m | 다시 가져올 파일을 준비 중...[39m[0m
[  57% ] [90m[1mreimport[22m | 다시 가져올 파일을 준비 중...[39m[0m
[  57% ] [90m[1mreimport[22m | 다시 가져올 파일을 준비 중...[39m[0m
[  57% ] [90m[1mreimport[22m | 다시 가져올 파일을 준비 중...[39m[0m
[  57% ] [90m[1mreimport[22m | 다시 가져올 파일을 준비 중...[39m[0m
[  57% ] [90m[1mreimport[22m | 다시 가져올 파일을 준비 중...[39m[0m
[  57% ] [90m[1mreimport[22m | 다시 가져올 파일을 준비 중...[39m[0m
[  58% ] [90m[1mreimport[22m | 다시 가져올 파일을 준비 중...[39m[0m
[  58% ] [90m[1mreimport[22m | 다시 가져올 파일을 준비 중...[39m[0m
[  58% ] [90m[1mreimport[22m | 다시 가져올 파일을 준비 중...[39m[0m
[  58% ] [90m[1mreimport[22m | 다시 가져올 파일을 준비 중...[39m[0m
[  58% ] [90m[1mreimport[22m | 다시 가져올 파일을 준비 중...[39m[0m
[  58% ] [90m[1mreimport[22m | 다시 가져올 파일을 준비 중...[39m[0m
[  58% ] [90m[1mreimport[22m | 다시 가져올 파일을 준비 중...[39m[0m
[  58% ] [90m[1mreimport[22m | 다시 가져올 파일을 준비 중...[39m[0m
[  58% ] [90m[1mreimport[22m | 다시 가져올 파일을 준비 중...[39m[0m
[  58% ] [90m[1mreimport[22m | 다시 가져올 파일을 준비 중...[39m[0m
[  58% ] [90m[1mreimport[22m | 다시 가져올 파일을 준비 중...[39m[0m
[  59% ] [90m[1mreimport[22m | 다시 가져올 파일을 준비 중...[39m[0m
[  59% ] [90m[1mreimport[22m | 다시 가져올 파일을 준비 중...[39m[0m
[  59% ] [90m[1mreimport[22m | 다시 가져올 파일을 준비 중...[39m[0m
[  59% ] [90m[1mreimport[22m | 다시 가져올 파일을 준비 중...[39m[0m
[  59% ] [90m[1mreimport[22m | 다시 가져올 파일을 준비 중...[39m[0m
[  59% ] [90m[1mreimport[22m | 다시 가져올 파일을 준비 중...[39m[0m
[  59% ] [90m[1mreimport[22m | 다시 가져올 파일을 준비 중...[39m[0m
[  59% ] [90m[1mreimport[22m | 다시 가져올 파일을 준비 중...[39m[0m
[  59% ] [90m[1mreimport[22m | 다시 가져올 파일을 준비 중...[39m[0m
[  59% ] [90m[1mreimport[22m | 다시 가져올 파일을 준비 중...[39m[0m
[  59% ] [90m[1mreimport[22m | 다시 가져올 파일을 준비 중...[39m[0m
[  60% ] [90m[1mreimport[22m | 다시 가져올 파일을 준비 중...[39m[0m
[  60% ] [90m[1mreimport[22m | 다시 가져올 파일을 준비 중...[39m[0m
[  60% ] [90m[1mreimport[22m | 다시 가져올 파일을 준비 중...[39m[0m
[  60% ] [90m[1mreimport[22m | 다시 가져올 파일을 준비 중...[39m[0m
[  60% ] [90m[1mreimport[22m | 다시 가져올 파일을 준비 중...[39m[0m
[  60% ] [90m[1mreimport[22m | 다시 가져올 파일을 준비 중...[39m[0m
[  60% ] [90m[1mreimport[22m | 다시 가져올 파일을 준비 중...[39m[0m
[  60% ] [90m[1mreimport[22m | 다시 가져올 파일을 준비 중...[39m[0m
[  60% ] [90m[1mreimport[22m | 다시 가져올 파일을 준비 중...[39m[0m
[  60% ] [90m[1mreimport[22m | 다시 가져올 파일을 준비 중...[39m[0m
[  60% ] [90m[1mreimport[22m | 다시 가져올 파일을 준비 중...[39m[0m
[  61% ] [90m[1mreimport[22m | 다시 가져올 파일을 준비 중...[39m[0m
[  61% ] [90m[1mreimport[22m | 다시 가져올 파일을 준비 중...[39m[0m
[  61% ] [90m[1mreimport[22m | 다시 가져올 파일을 준비 중...[39m[0m
[  61% ] [90m[1mreimport[22m | 다시 가져올 파일을 준비 중...[39m[0m
[  61% ] [90m[1mreimport[22m | 다시 가져올 파일을 준비 중...[39m[0m
[  61% ] [90m[1mreimport[22m | 다시 가져올 파일을 준비 중...[39m[0m
[  61% ] [90m[1mreimport[22m | 다시 가져올 파일을 준비 중...[39m[0m
[  61% ] [90m[1mreimport[22m | 다시 가져올 파일을 준비 중...[39m[0m
[  61% ] [90m[1mreimport[22m | 다시 가져올 파일을 준비 중...[39m[0m
[  61% ] [90m[1mreimport[22m | 다시 가져올 파일을 준비 중...[39m[0m
[  61% ] [90m[1mreimport[22m | 다시 가져올 파일을 준비 중...[39m[0m
[  62% ] [90m[1mreimport[22m | 다시 가져올 파일을 준비 중...[39m[0m
[  62% ] [90m[1mreimport[22m | 다시 가져올 파일을 준비 중...[39m[0m
[  62% ] [90m[1mreimport[22m | 다시 가져올 파일을 준비 중...[39m[0m
[  62% ] [90m[1mreimport[22m | 다시 가져올 파일을 준비 중...[39m[0m
[  62% ] [90m[1mreimport[22m | 다시 가져올 파일을 준비 중...[39m[0m
[  62% ] [90m[1mreimport[22m | 다시 가져올 파일을 준비 중...[39m[0m
[  62% ] [90m[1mreimport[22m | 다시 가져올 파일을 준비 중...[39m[0m
[  62% ] [90m[1mreimport[22m | 다시 가져올 파일을 준비 중...[39m[0m
[  62% ] [90m[1mreimport[22m | 다시 가져올 파일을 준비 중...[39m[0m
[  62% ] [90m[1mreimport[22m | 다시 가져올 파일을 준비 중...[39m[0m
[  62% ] [90m[1mreimport[22m | 다시 가져올 파일을 준비 중...[39m[0m
[  63% ] [90m[1mreimport[22m | 다시 가져올 파일을 준비 중...[39m[0m
[  63% ] [90m[1mreimport[22m | 다시 가져올 파일을 준비 중...[39m[0m
[  63% ] [90m[1mreimport[22m | 다시 가져올 파일을 준비 중...[39m[0m
[  63% ] [90m[1mreimport[22m | 다시 가져올 파일을 준비 중...[39m[0m
[  63% ] [90m[1mreimport[22m | 다시 가져올 파일을 준비 중...[39m[0m
[  63% ] [90m[1mreimport[22m | 다시 가져올 파일을 준비 중...[39m[0m
[  63% ] [90m[1mreimport[22m | 다시 가져올 파일을 준비 중...[39m[0m
[  63% ] [90m[1mreimport[22m | 다시 가져올 파일을 준비 중...[39m[0m
[  63% ] [90m[1mreimport[22m | 다시 가져올 파일을 준비 중...[39m[0m
[  63% ] [90m[1mreimport[22m | 다시 가져올 파일을 준비 중...[39m[0m
[  63% ] [90m[1mreimport[22m | 다시 가져올 파일을 준비 중...[39m[0m
[  64% ] [90m[1mreimport[22m | 다시 가져올 파일을 준비 중...[39m[0m
[  64% ] [90m[1mreimport[22m | 다시 가져올 파일을 준비 중...[39m[0m
[  64% ] [90m[1mreimport[22m | 다시 가져올 파일을 준비 중...[39m[0m
[  64% ] [90m[1mreimport[22m | 다시 가져올 파일을 준비 중...[39m[0m
[  64% ] [90m[1mreimport[22m | 다시 가져올 파일을 준비 중...[39m[0m
[  64% ] [90m[1mreimport[22m | 다시 가져올 파일을 준비 중...[39m[0m
[  64% ] [90m[1mreimport[22m | 다시 가져올 파일을 준비 중...[39m[0m
[  64% ] [90m[1mreimport[22m | 다시 가져올 파일을 준비 중...[39m[0m
[  64% ] [90m[1mreimport[22m | 다시 가져올 파일을 준비 중...[39m[0m
[  64% ] [90m[1mreimport[22m | 다시 가져올 파일을 준비 중...[39m[0m
[  64% ] [90m[1mreimport[22m | 다시 가져올 파일을 준비 중...[39m[0m
[  65% ] [90m[1mreimport[22m | 다시 가져올 파일을 준비 중...[39m[0m
[  65% ] [90m[1mreimport[22m | 다시 가져올 파일을 준비 중...[39m[0m
[  65% ] [90m[1mreimport[22m | 다시 가져올 파일을 준비 중...[39m[0m
[  65% ] [90m[1mreimport[22m | 다시 가져올 파일을 준비 중...[39m[0m
[  65% ] [90m[1mreimport[22m | 다시 가져올 파일을 준비 중...[39m[0m
[  65% ] [90m[1mreimport[22m | 다시 가져올 파일을 준비 중...[39m[0m
[  65% ] [90m[1mreimport[22m | 다시 가져올 파일을 준비 중...[39m[0m
[  65% ] [90m[1mreimport[22m | 다시 가져올 파일을 준비 중...[39m[0m
[  65% ] [90m[1mreimport[22m | 다시 가져올 파일을 준비 중...[39m[0m
[  65% ] [90m[1mreimport[22m | 다시 가져올 파일을 준비 중...[39m[0m
[  65% ] [90m[1mreimport[22m | 다시 가져올 파일을 준비 중...[39m[0m
[  66% ] [90m[1mreimport[22m | 다시 가져올 파일을 준비 중...[39m[0m
[  66% ] [90m[1mreimport[22m | 다시 가져올 파일을 준비 중...[39m[0m
[  66% ] [90m[1mreimport[22m | 다시 가져올 파일을 준비 중...[39m[0m
[  66% ] [90m[1mreimport[22m | 다시 가져올 파일을 준비 중...[39m[0m
[  66% ] [90m[1mreimport[22m | 다시 가져올 파일을 준비 중...[39m[0m
[  66% ] [90m[1mreimport[22m | 다시 가져올 파일을 준비 중...[39m[0m
[  66% ] [90m[1mreimport[22m | 다시 가져올 파일을 준비 중...[39m[0m
[  66% ] [90m[1mreimport[22m | 다시 가져올 파일을 준비 중...[39m[0m
[  66% ] [90m[1mreimport[22m | 다시 가져올 파일을 준비 중...[39m[0m
[  66% ] [90m[1mreimport[22m | 다시 가져올 파일을 준비 중...[39m[0m
[  67% ] [90m[1mreimport[22m | 다시 가져올 파일을 준비 중...[39m[0m
[  67% ] [90m[1mreimport[22m | 다시 가져올 파일을 준비 중...[39m[0m
[  67% ] [90m[1mreimport[22m | 다시 가져올 파일을 준비 중...[39m[0m
[  67% ] [90m[1mreimport[22m | 다시 가져올 파일을 준비 중...[39m[0m
[  67% ] [90m[1mreimport[22m | 다시 가져올 파일을 준비 중...[39m[0m
[  67% ] [90m[1mreimport[22m | 다시 가져올 파일을 준비 중...[39m[0m
[  67% ] [90m[1mreimport[22m | 다시 가져올 파일을 준비 중...[39m[0m
[  67% ] [90m[1mreimport[22m | 다시 가져올 파일을 준비 중...[39m[0m
[  67% ] [90m[1mreimport[22m | 다시 가져올 파일을 준비 중...[39m[0m
[  67% ] [90m[1mreimport[22m | 다시 가져올 파일을 준비 중...[39m[0m
[  67% ] [90m[1mreimport[22m | 다시 가져올 파일을 준비 중...[39m[0m
[  68% ] [90m[1mreimport[22m | 다시 가져올 파일을 준비 중...[39m[0m
[  68% ] [90m[1mreimport[22m | 다시 가져올 파일을 준비 중...[39m[0m
[  68% ] [90m[1mreimport[22m | 다시 가져올 파일을 준비 중...[39m[0m
[  68% ] [90m[1mreimport[22m | 다시 가져올 파일을 준비 중...[39m[0m
[  68% ] [90m[1mreimport[22m | 다시 가져올 파일을 준비 중...[39m[0m
[  68% ] [90m[1mreimport[22m | 다시 가져올 파일을 준비 중...[39m[0m
[  68% ] [90m[1mreimport[22m | 다시 가져올 파일을 준비 중...[39m[0m
[  68% ] [90m[1mreimport[22m | 다시 가져올 파일을 준비 중...[39m[0m
[  68% ] [90m[1mreimport[22m | 다시 가져올 파일을 준비 중...[39m[0m
[  68% ] [90m[1mreimport[22m | 다시 가져올 파일을 준비 중...[39m[0m
[  68% ] [90m[1mreimport[22m | 다시 가져올 파일을 준비 중...[39m[0m
[  69% ] [90m[1mreimport[22m | 다시 가져올 파일을 준비 중...[39m[0m
[  69% ] [90m[1mreimport[22m | 다시 가져올 파일을 준비 중...[39m[0m
[  69% ] [90m[1mreimport[22m | 다시 가져올 파일을 준비 중...[39m[0m
[  69% ] [90m[1mreimport[22m | 다시 가져올 파일을 준비 중...[39m[0m
[  69% ] [90m[1mreimport[22m | 다시 가져올 파일을 준비 중...[39m[0m
[  69% ] [90m[1mreimport[22m | 다시 가져올 파일을 준비 중...[39m[0m
[  69% ] [90m[1mreimport[22m | 다시 가져올 파일을 준비 중...[39m[0m
[  69% ] [90m[1mreimport[22m | 다시 가져올 파일을 준비 중...[39m[0m
[  69% ] [90m[1mreimport[22m | 다시 가져올 파일을 준비 중...[39m[0m
[  69% ] [90m[1mreimport[22m | 다시 가져올 파일을 준비 중...[39m[0m
[  69% ] [90m[1mreimport[22m | 다시 가져올 파일을 준비 중...[39m[0m
[  70% ] [90m[1mreimport[22m | 다시 가져올 파일을 준비 중...[39m[0m
[  70% ] [90m[1mreimport[22m | 다시 가져올 파일을 준비 중...[39m[0m
[  70% ] [90m[1mreimport[22m | 다시 가져올 파일을 준비 중...[39m[0m
[  70% ] [90m[1mreimport[22m | 다시 가져올 파일을 준비 중...[39m[0m
[  70% ] [90m[1mreimport[22m | 다시 가져올 파일을 준비 중...[39m[0m
[  70% ] [90m[1mreimport[22m | 다시 가져올 파일을 준비 중...[39m[0m
[  70% ] [90m[1mreimport[22m | 다시 가져올 파일을 준비 중...[39m[0m
[  70% ] [90m[1mreimport[22m | 다시 가져올 파일을 준비 중...[39m[0m
[  70% ] [90m[1mreimport[22m | 다시 가져올 파일을 준비 중...[39m[0m
[  70% ] [90m[1mreimport[22m | 다시 가져올 파일을 준비 중...[39m[0m
[  70% ] [90m[1mreimport[22m | 다시 가져올 파일을 준비 중...[39m[0m
[  71% ] [90m[1mreimport[22m | 다시 가져올 파일을 준비 중...[39m[0m
[  71% ] [90m[1mreimport[22m | 다시 가져올 파일을 준비 중...[39m[0m
[  71% ] [90m[1mreimport[22m | 다시 가져올 파일을 준비 중...[39m[0m
[  71% ] [90m[1mreimport[22m | 다시 가져올 파일을 준비 중...[39m[0m
[  71% ] [90m[1mreimport[22m | 다시 가져올 파일을 준비 중...[39m[0m
[  71% ] [90m[1mreimport[22m | 다시 가져올 파일을 준비 중...[39m[0m
[  71% ] [90m[1mreimport[22m | 다시 가져올 파일을 준비 중...[39m[0m
[  71% ] [90m[1mreimport[22m | 다시 가져올 파일을 준비 중...[39m[0m
[  71% ] [90m[1mreimport[22m | 다시 가져올 파일을 준비 중...[39m[0m
[  71% ] [90m[1mreimport[22m | 다시 가져올 파일을 준비 중...[39m[0m
[  71% ] [90m[1mreimport[22m | 다시 가져올 파일을 준비 중...[39m[0m
[  72% ] [90m[1mreimport[22m | 다시 가져올 파일을 준비 중...[39m[0m
[  72% ] [90m[1mreimport[22m | 다시 가져올 파일을 준비 중...[39m[0m
[  72% ] [90m[1mreimport[22m | 다시 가져올 파일을 준비 중...[39m[0m
[  72% ] [90m[1mreimport[22m | 다시 가져올 파일을 준비 중...[39m[0m
[  72% ] [90m[1mreimport[22m | 다시 가져올 파일을 준비 중...[39m[0m
[  72% ] [90m[1mreimport[22m | 다시 가져올 파일을 준비 중...[39m[0m
[  72% ] [90m[1mreimport[22m | 다시 가져올 파일을 준비 중...[39m[0m
[  72% ] [90m[1mreimport[22m | 다시 가져올 파일을 준비 중...[39m[0m
[  72% ] [90m[1mreimport[22m | 다시 가져올 파일을 준비 중...[39m[0m
[  72% ] [90m[1mreimport[22m | 다시 가져올 파일을 준비 중...[39m[0m
[  72% ] [90m[1mreimport[22m | 다시 가져올 파일을 준비 중...[39m[0m
[  73% ] [90m[1mreimport[22m | 다시 가져올 파일을 준비 중...[39m[0m
[  73% ] [90m[1mreimport[22m | 다시 가져올 파일을 준비 중...[39m[0m
[  73% ] [90m[1mreimport[22m | 다시 가져올 파일을 준비 중...[39m[0m
[  73% ] [90m[1mreimport[22m | 다시 가져올 파일을 준비 중...[39m[0m
[  73% ] [90m[1mreimport[22m | 다시 가져올 파일을 준비 중...[39m[0m
[  73% ] [90m[1mreimport[22m | 다시 가져올 파일을 준비 중...[39m[0m
[  73% ] [90m[1mreimport[22m | 다시 가져올 파일을 준비 중...[39m[0m
[  73% ] [90m[1mreimport[22m | 다시 가져올 파일을 준비 중...[39m[0m
[  73% ] [90m[1mreimport[22m | 다시 가져올 파일을 준비 중...[39m[0m
[  73% ] [90m[1mreimport[22m | 다시 가져올 파일을 준비 중...[39m[0m
[  73% ] [90m[1mreimport[22m | 다시 가져올 파일을 준비 중...[39m[0m
[  74% ] [90m[1mreimport[22m | 다시 가져올 파일을 준비 중...[39m[0m
[  74% ] [90m[1mreimport[22m | 다시 가져올 파일을 준비 중...[39m[0m
[  74% ] [90m[1mreimport[22m | 다시 가져올 파일을 준비 중...[39m[0m
[  74% ] [90m[1mreimport[22m | 다시 가져올 파일을 준비 중...[39m[0m
[  74% ] [90m[1mreimport[22m | 다시 가져올 파일을 준비 중...[39m[0m
[  74% ] [90m[1mreimport[22m | 다시 가져올 파일을 준비 중...[39m[0m
[  74% ] [90m[1mreimport[22m | 다시 가져올 파일을 준비 중...[39m[0m
[  74% ] [90m[1mreimport[22m | 다시 가져올 파일을 준비 중...[39m[0m
[  74% ] [90m[1mreimport[22m | 다시 가져올 파일을 준비 중...[39m[0m
[  74% ] [90m[1mreimport[22m | 다시 가져올 파일을 준비 중...[39m[0m
[  74% ] [90m[1mreimport[22m | 다시 가져올 파일을 준비 중...[39m[0m
[  75% ] [90m[1mreimport[22m | 다시 가져올 파일을 준비 중...[39m[0m
[  75% ] [90m[1mreimport[22m | 다시 가져올 파일을 준비 중...[39m[0m
[  75% ] [90m[1mreimport[22m | 다시 가져올 파일을 준비 중...[39m[0m
[  75% ] [90m[1mreimport[22m | 다시 가져올 파일을 준비 중...[39m[0m
[  75% ] [90m[1mreimport[22m | 다시 가져올 파일을 준비 중...[39m[0m
[  75% ] [90m[1mreimport[22m | 다시 가져올 파일을 준비 중...[39m[0m
[  75% ] [90m[1mreimport[22m | 다시 가져올 파일을 준비 중...[39m[0m
[  75% ] [90m[1mreimport[22m | 다시 가져올 파일을 준비 중...[39m[0m
[  75% ] [90m[1mreimport[22m | 다시 가져올 파일을 준비 중...[39m[0m
[  75% ] [90m[1mreimport[22m | 다시 가져올 파일을 준비 중...[39m[0m
[  75% ] [90m[1mreimport[22m | 다시 가져올 파일을 준비 중...[39m[0m
[  76% ] [90m[1mreimport[22m | 다시 가져올 파일을 준비 중...[39m[0m
[  76% ] [90m[1mreimport[22m | 다시 가져올 파일을 준비 중...[39m[0m
[  76% ] [90m[1mreimport[22m | 다시 가져올 파일을 준비 중...[39m[0m
[  76% ] [90m[1mreimport[22m | 다시 가져올 파일을 준비 중...[39m[0m
[  76% ] [90m[1mreimport[22m | 다시 가져올 파일을 준비 중...[39m[0m
[  76% ] [90m[1mreimport[22m | 다시 가져올 파일을 준비 중...[39m[0m
[  76% ] [90m[1mreimport[22m | 다시 가져올 파일을 준비 중...[39m[0m
[  76% ] [90m[1mreimport[22m | 다시 가져올 파일을 준비 중...[39m[0m
[  76% ] [90m[1mreimport[22m | 다시 가져올 파일을 준비 중...[39m[0m
[  76% ] [90m[1mreimport[22m | 다시 가져올 파일을 준비 중...[39m[0m
[  76% ] [90m[1mreimport[22m | 다시 가져올 파일을 준비 중...[39m[0m
[  77% ] [90m[1mreimport[22m | 다시 가져올 파일을 준비 중...[39m[0m
[  77% ] [90m[1mreimport[22m | 다시 가져올 파일을 준비 중...[39m[0m
[  77% ] [90m[1mreimport[22m | 다시 가져올 파일을 준비 중...[39m[0m
[  77% ] [90m[1mreimport[22m | 다시 가져올 파일을 준비 중...[39m[0m
[  77% ] [90m[1mreimport[22m | 다시 가져올 파일을 준비 중...[39m[0m
[  77% ] [90m[1mreimport[22m | 다시 가져올 파일을 준비 중...[39m[0m
[  77% ] [90m[1mreimport[22m | 다시 가져올 파일을 준비 중...[39m[0m
[  77% ] [90m[1mreimport[22m | 다시 가져올 파일을 준비 중...[39m[0m
[  77% ] [90m[1mreimport[22m | 다시 가져올 파일을 준비 중...[39m[0m
[  77% ] [90m[1mreimport[22m | 다시 가져올 파일을 준비 중...[39m[0m
[  77% ] [90m[1mreimport[22m | 다시 가져올 파일을 준비 중...[39m[0m
[  78% ] [90m[1mreimport[22m | 다시 가져올 파일을 준비 중...[39m[0m
[  78% ] [90m[1mreimport[22m | 다시 가져올 파일을 준비 중...[39m[0m
[  78% ] [90m[1mreimport[22m | 다시 가져올 파일을 준비 중...[39m[0m
[  78% ] [90m[1mreimport[22m | 다시 가져올 파일을 준비 중...[39m[0m
[  78% ] [90m[1mreimport[22m | 다시 가져올 파일을 준비 중...[39m[0m
[  78% ] [90m[1mreimport[22m | 다시 가져올 파일을 준비 중...[39m[0m
[  78% ] [90m[1mreimport[22m | 다시 가져올 파일을 준비 중...[39m[0m
[  78% ] [90m[1mreimport[22m | 다시 가져올 파일을 준비 중...[39m[0m
[  78% ] [90m[1mreimport[22m | 다시 가져올 파일을 준비 중...[39m[0m
[  78% ] [90m[1mreimport[22m | 다시 가져올 파일을 준비 중...[39m[0m
[  78% ] [90m[1mreimport[22m | 다시 가져올 파일을 준비 중...[39m[0m
[  79% ] [90m[1mreimport[22m | 다시 가져올 파일을 준비 중...[39m[0m
[  79% ] [90m[1mreimport[22m | 다시 가져올 파일을 준비 중...[39m[0m
[  79% ] [90m[1mreimport[22m | 다시 가져올 파일을 준비 중...[39m[0m
[  79% ] [90m[1mreimport[22m | 다시 가져올 파일을 준비 중...[39m[0m
[  79% ] [90m[1mreimport[22m | 다시 가져올 파일을 준비 중...[39m[0m
[  79% ] [90m[1mreimport[22m | 다시 가져올 파일을 준비 중...[39m[0m
[  79% ] [90m[1mreimport[22m | 다시 가져올 파일을 준비 중...[39m[0m
[  79% ] [90m[1mreimport[22m | 다시 가져올 파일을 준비 중...[39m[0m
[  79% ] [90m[1mreimport[22m | 다시 가져올 파일을 준비 중...[39m[0m
[  79% ] [90m[1mreimport[22m | 다시 가져올 파일을 준비 중...[39m[0m
[  79% ] [90m[1mreimport[22m | 다시 가져올 파일을 준비 중...[39m[0m
[  80% ] [90m[1mreimport[22m | 다시 가져올 파일을 준비 중...[39m[0m
[  80% ] [90m[1mreimport[22m | 다시 가져올 파일을 준비 중...[39m[0m
[  80% ] [90m[1mreimport[22m | 다시 가져올 파일을 준비 중...[39m[0m
[  80% ] [90m[1mreimport[22m | 다시 가져올 파일을 준비 중...[39m[0m
[  80% ] [90m[1mreimport[22m | 다시 가져올 파일을 준비 중...[39m[0m
[  80% ] [90m[1mreimport[22m | 다시 가져올 파일을 준비 중...[39m[0m
[  80% ] [90m[1mreimport[22m | 다시 가져올 파일을 준비 중...[39m[0m
[  80% ] [90m[1mreimport[22m | 다시 가져올 파일을 준비 중...[39m[0m
[  80% ] [90m[1mreimport[22m | 다시 가져올 파일을 준비 중...[39m[0m
[  80% ] [90m[1mreimport[22m | 다시 가져올 파일을 준비 중...[39m[0m
[  80% ] [90m[1mreimport[22m | 다시 가져올 파일을 준비 중...[39m[0m
[  81% ] [90m[1mreimport[22m | 다시 가져올 파일을 준비 중...[39m[0m
[  81% ] [90m[1mreimport[22m | 다시 가져올 파일을 준비 중...[39m[0m
[  81% ] [90m[1mreimport[22m | 다시 가져올 파일을 준비 중...[39m[0m
[  81% ] [90m[1mreimport[22m | 다시 가져올 파일을 준비 중...[39m[0m
[  81% ] [90m[1mreimport[22m | 다시 가져올 파일을 준비 중...[39m[0m
[  81% ] [90m[1mreimport[22m | 다시 가져올 파일을 준비 중...[39m[0m
[  81% ] [90m[1mreimport[22m | 다시 가져올 파일을 준비 중...[39m[0m
[  81% ] [90m[1mreimport[22m | 다시 가져올 파일을 준비 중...[39m[0m
[  81% ] [90m[1mreimport[22m | 다시 가져올 파일을 준비 중...[39m[0m
[  81% ] [90m[1mreimport[22m | 다시 가져올 파일을 준비 중...[39m[0m
[  81% ] [90m[1mreimport[22m | 다시 가져올 파일을 준비 중...[39m[0m
[  82% ] [90m[1mreimport[22m | 다시 가져올 파일을 준비 중...[39m[0m
[  82% ] [90m[1mreimport[22m | 다시 가져올 파일을 준비 중...[39m[0m
[  82% ] [90m[1mreimport[22m | 다시 가져올 파일을 준비 중...[39m[0m
[  82% ] [90m[1mreimport[22m | 다시 가져올 파일을 준비 중...[39m[0m
[  82% ] [90m[1mreimport[22m | 다시 가져올 파일을 준비 중...[39m[0m
[  82% ] [90m[1mreimport[22m | 다시 가져올 파일을 준비 중...[39m[0m
[  82% ] [90m[1mreimport[22m | 다시 가져올 파일을 준비 중...[39m[0m
[  82% ] [90m[1mreimport[22m | 다시 가져올 파일을 준비 중...[39m[0m
[  82% ] [90m[1mreimport[22m | 다시 가져올 파일을 준비 중...[39m[0m
[  82% ] [90m[1mreimport[22m | 다시 가져올 파일을 준비 중...[39m[0m
[  82% ] [90m[1mreimport[22m | 다시 가져올 파일을 준비 중...[39m[0m
[  83% ] [90m[1mreimport[22m | 다시 가져올 파일을 준비 중...[39m[0m
[  83% ] [90m[1mreimport[22m | 다시 가져올 파일을 준비 중...[39m[0m
[  83% ] [90m[1mreimport[22m | 다시 가져올 파일을 준비 중...[39m[0m
[  83% ] [90m[1mreimport[22m | 다시 가져올 파일을 준비 중...[39m[0m
[  83% ] [90m[1mreimport[22m | 다시 가져올 파일을 준비 중...[39m[0m
[  83% ] [90m[1mreimport[22m | 다시 가져올 파일을 준비 중...[39m[0m
[  83% ] [90m[1mreimport[22m | 다시 가져올 파일을 준비 중...[39m[0m
[  83% ] [90m[1mreimport[22m | 다시 가져올 파일을 준비 중...[39m[0m
[  83% ] [90m[1mreimport[22m | 다시 가져올 파일을 준비 중...[39m[0m
[  83% ] [90m[1mreimport[22m | 다시 가져올 파일을 준비 중...[39m[0m
[  83% ] [90m[1mreimport[22m | 다시 가져올 파일을 준비 중...[39m[0m
[  84% ] [90m[1mreimport[22m | 다시 가져올 파일을 준비 중...[39m[0m
[  84% ] [90m[1mreimport[22m | 다시 가져올 파일을 준비 중...[39m[0m
[  84% ] [90m[1mreimport[22m | 다시 가져올 파일을 준비 중...[39m[0m
[  84% ] [90m[1mreimport[22m | 다시 가져올 파일을 준비 중...[39m[0m
[  84% ] [90m[1mreimport[22m | 다시 가져올 파일을 준비 중...[39m[0m
[  84% ] [90m[1mreimport[22m | 다시 가져올 파일을 준비 중...[39m[0m
[  84% ] [90m[1mreimport[22m | 다시 가져올 파일을 준비 중...[39m[0m
[  84% ] [90m[1mreimport[22m | 다시 가져올 파일을 준비 중...[39m[0m
[  84% ] [90m[1mreimport[22m | 다시 가져올 파일을 준비 중...[39m[0m
[  84% ] [90m[1mreimport[22m | 다시 가져올 파일을 준비 중...[39m[0m
[  84% ] [90m[1mreimport[22m | 다시 가져올 파일을 준비 중...[39m[0m
[  85% ] [90m[1mreimport[22m | 다시 가져올 파일을 준비 중...[39m[0m
[  85% ] [90m[1mreimport[22m | 다시 가져올 파일을 준비 중...[39m[0m
[  85% ] [90m[1mreimport[22m | 다시 가져올 파일을 준비 중...[39m[0m
[  85% ] [90m[1mreimport[22m | 다시 가져올 파일을 준비 중...[39m[0m
[  85% ] [90m[1mreimport[22m | 다시 가져올 파일을 준비 중...[39m[0m
[  85% ] [90m[1mreimport[22m | 다시 가져올 파일을 준비 중...[39m[0m
[  85% ] [90m[1mreimport[22m | 다시 가져올 파일을 준비 중...[39m[0m
[  85% ] [90m[1mreimport[22m | 다시 가져올 파일을 준비 중...[39m[0m
[  85% ] [90m[1mreimport[22m | 다시 가져올 파일을 준비 중...[39m[0m
[  85% ] [90m[1mreimport[22m | 다시 가져올 파일을 준비 중...[39m[0m
[  85% ] [90m[1mreimport[22m | 다시 가져올 파일을 준비 중...[39m[0m
[  86% ] [90m[1mreimport[22m | 다시 가져올 파일을 준비 중...[39m[0m
[  86% ] [90m[1mreimport[22m | 다시 가져올 파일을 준비 중...[39m[0m
[  86% ] [90m[1mreimport[22m | 다시 가져올 파일을 준비 중...[39m[0m
[  86% ] [90m[1mreimport[22m | 다시 가져올 파일을 준비 중...[39m[0m
[  86% ] [90m[1mreimport[22m | 다시 가져올 파일을 준비 중...[39m[0m
[  86% ] [90m[1mreimport[22m | 다시 가져올 파일을 준비 중...[39m[0m
[  86% ] [90m[1mreimport[22m | 다시 가져올 파일을 준비 중...[39m[0m
[  86% ] [90m[1mreimport[22m | 다시 가져올 파일을 준비 중...[39m[0m
[  86% ] [90m[1mreimport[22m | 다시 가져올 파일을 준비 중...[39m[0m
[  86% ] [90m[1mreimport[22m | 다시 가져올 파일을 준비 중...[39m[0m
[  86% ] [90m[1mreimport[22m | 다시 가져올 파일을 준비 중...[39m[0m
[  87% ] [90m[1mreimport[22m | 다시 가져올 파일을 준비 중...[39m[0m
[  87% ] [90m[1mreimport[22m | 다시 가져올 파일을 준비 중...[39m[0m
[  87% ] [90m[1mreimport[22m | 다시 가져올 파일을 준비 중...[39m[0m
[  87% ] [90m[1mreimport[22m | 다시 가져올 파일을 준비 중...[39m[0m
[  87% ] [90m[1mreimport[22m | 다시 가져올 파일을 준비 중...[39m[0m
[  87% ] [90m[1mreimport[22m | 다시 가져올 파일을 준비 중...[39m[0m
[  87% ] [90m[1mreimport[22m | 다시 가져올 파일을 준비 중...[39m[0m
[  87% ] [90m[1mreimport[22m | 다시 가져올 파일을 준비 중...[39m[0m
[  87% ] [90m[1mreimport[22m | 다시 가져올 파일을 준비 중...[39m[0m
[  87% ] [90m[1mreimport[22m | 다시 가져올 파일을 준비 중...[39m[0m
[  87% ] [90m[1mreimport[22m | 다시 가져올 파일을 준비 중...[39m[0m
[  88% ] [90m[1mreimport[22m | 다시 가져올 파일을 준비 중...[39m[0m
[  88% ] [90m[1mreimport[22m | 다시 가져올 파일을 준비 중...[39m[0m
[  88% ] [90m[1mreimport[22m | 다시 가져올 파일을 준비 중...[39m[0m
[  88% ] [90m[1mreimport[22m | 다시 가져올 파일을 준비 중...[39m[0m
[  88% ] [90m[1mreimport[22m | 다시 가져올 파일을 준비 중...[39m[0m
[  88% ] [90m[1mreimport[22m | 다시 가져올 파일을 준비 중...[39m[0m
[  88% ] [90m[1mreimport[22m | 다시 가져올 파일을 준비 중...[39m[0m
[  88% ] [90m[1mreimport[22m | 다시 가져올 파일을 준비 중...[39m[0m
[  88% ] [90m[1mreimport[22m | 다시 가져올 파일을 준비 중...[39m[0m
[  88% ] [90m[1mreimport[22m | 다시 가져올 파일을 준비 중...[39m[0m
[  88% ] [90m[1mreimport[22m | 다시 가져올 파일을 준비 중...[39m[0m
[  89% ] [90m[1mreimport[22m | 다시 가져올 파일을 준비 중...[39m[0m
[  89% ] [90m[1mreimport[22m | 다시 가져올 파일을 준비 중...[39m[0m
[  89% ] [90m[1mreimport[22m | 다시 가져올 파일을 준비 중...[39m[0m
[  89% ] [90m[1mreimport[22m | 다시 가져올 파일을 준비 중...[39m[0m
[  89% ] [90m[1mreimport[22m | 다시 가져올 파일을 준비 중...[39m[0m
[  89% ] [90m[1mreimport[22m | 다시 가져올 파일을 준비 중...[39m[0m
[  89% ] [90m[1mreimport[22m | 다시 가져올 파일을 준비 중...[39m[0m
[  89% ] [90m[1mreimport[22m | 다시 가져올 파일을 준비 중...[39m[0m
[  89% ] [90m[1mreimport[22m | 다시 가져올 파일을 준비 중...[39m[0m
[  89% ] [90m[1mreimport[22m | 다시 가져올 파일을 준비 중...[39m[0m
[  89% ] [90m[1mreimport[22m | 다시 가져올 파일을 준비 중...[39m[0m
[  90% ] [90m[1mreimport[22m | 다시 가져올 파일을 준비 중...[39m[0m
[  90% ] [90m[1mreimport[22m | 다시 가져올 파일을 준비 중...[39m[0m
[  90% ] [90m[1mreimport[22m | 다시 가져올 파일을 준비 중...[39m[0m
[  90% ] [90m[1mreimport[22m | 다시 가져올 파일을 준비 중...[39m[0m
[  90% ] [90m[1mreimport[22m | 다시 가져올 파일을 준비 중...[39m[0m
[  90% ] [90m[1mreimport[22m | 다시 가져올 파일을 준비 중...[39m[0m
[  90% ] [90m[1mreimport[22m | 다시 가져올 파일을 준비 중...[39m[0m
[  90% ] [90m[1mreimport[22m | 다시 가져올 파일을 준비 중...[39m[0m
[  90% ] [90m[1mreimport[22m | 다시 가져올 파일을 준비 중...[39m[0m
[  90% ] [90m[1mreimport[22m | 다시 가져올 파일을 준비 중...[39m[0m
[  90% ] [90m[1mreimport[22m | 다시 가져올 파일을 준비 중...[39m[0m
[  91% ] [90m[1mreimport[22m | 다시 가져올 파일을 준비 중...[39m[0m
[  91% ] [90m[1mreimport[22m | 다시 가져올 파일을 준비 중...[39m[0m
[  91% ] [90m[1mreimport[22m | 다시 가져올 파일을 준비 중...[39m[0m
[  91% ] [90m[1mreimport[22m | 다시 가져올 파일을 준비 중...[39m[0m
[  91% ] [90m[1mreimport[22m | 다시 가져올 파일을 준비 중...[39m[0m
[  91% ] [90m[1mreimport[22m | 다시 가져올 파일을 준비 중...[39m[0m
[  91% ] [90m[1mreimport[22m | 다시 가져올 파일을 준비 중...[39m[0m
[  91% ] [90m[1mreimport[22m | 다시 가져올 파일을 준비 중...[39m[0m
[  91% ] [90m[1mreimport[22m | 다시 가져올 파일을 준비 중...[39m[0m
[  91% ] [90m[1mreimport[22m | 다시 가져올 파일을 준비 중...[39m[0m
[  91% ] [90m[1mreimport[22m | 다시 가져올 파일을 준비 중...[39m[0m
[  92% ] [90m[1mreimport[22m | 다시 가져올 파일을 준비 중...[39m[0m
[  92% ] [90m[1mreimport[22m | 다시 가져올 파일을 준비 중...[39m[0m
[  92% ] [90m[1mreimport[22m | 다시 가져올 파일을 준비 중...[39m[0m
[  92% ] [90m[1mreimport[22m | 다시 가져올 파일을 준비 중...[39m[0m
[  92% ] [90m[1mreimport[22m | 다시 가져올 파일을 준비 중...[39m[0m
[  92% ] [90m[1mreimport[22m | 다시 가져올 파일을 준비 중...[39m[0m
[  92% ] [90m[1mreimport[22m | 다시 가져올 파일을 준비 중...[39m[0m
[  92% ] [90m[1mreimport[22m | 다시 가져올 파일을 준비 중...[39m[0m
[  92% ] [90m[1mreimport[22m | 다시 가져올 파일을 준비 중...[39m[0m
[  92% ] [90m[1mreimport[22m | 다시 가져올 파일을 준비 중...[39m[0m
[  92% ] [90m[1mreimport[22m | 다시 가져올 파일을 준비 중...[39m[0m
[  93% ] [90m[1mreimport[22m | 다시 가져올 파일을 준비 중...[39m[0m
[  93% ] [90m[1mreimport[22m | 다시 가져올 파일을 준비 중...[39m[0m
[  93% ] [90m[1mreimport[22m | 다시 가져올 파일을 준비 중...[39m[0m
[  93% ] [90m[1mreimport[22m | 다시 가져올 파일을 준비 중...[39m[0m
[  93% ] [90m[1mreimport[22m | 다시 가져올 파일을 준비 중...[39m[0m
[  93% ] [90m[1mreimport[22m | 다시 가져올 파일을 준비 중...[39m[0m
[  93% ] [90m[1mreimport[22m | 다시 가져올 파일을 준비 중...[39m[0m
[  93% ] [90m[1mreimport[22m | 다시 가져올 파일을 준비 중...[39m[0m
[  93% ] [90m[1mreimport[22m | 다시 가져올 파일을 준비 중...[39m[0m
[  93% ] [90m[1mreimport[22m | 다시 가져올 파일을 준비 중...[39m[0m
[  93% ] [90m[1mreimport[22m | 다시 가져올 파일을 준비 중...[39m[0m
[  94% ] [90m[1mreimport[22m | 다시 가져올 파일을 준비 중...[39m[0m
[  94% ] [90m[1mreimport[22m | 다시 가져올 파일을 준비 중...[39m[0m
[  94% ] [90m[1mreimport[22m | 다시 가져올 파일을 준비 중...[39m[0m
[  94% ] [90m[1mreimport[22m | 다시 가져올 파일을 준비 중...[39m[0m
[  94% ] [90m[1mreimport[22m | 다시 가져올 파일을 준비 중...[39m[0m
[  94% ] [90m[1mreimport[22m | 다시 가져올 파일을 준비 중...[39m[0m
[  94% ] [90m[1mreimport[22m | 다시 가져올 파일을 준비 중...[39m[0m
[  94% ] [90m[1mreimport[22m | 다시 가져올 파일을 준비 중...[39m[0m
[  94% ] [90m[1mreimport[22m | 다시 가져올 파일을 준비 중...[39m[0m
[  94% ] [90m[1mreimport[22m | 다시 가져올 파일을 준비 중...[39m[0m
[  94% ] [90m[1mreimport[22m | 다시 가져올 파일을 준비 중...[39m[0m
[  95% ] [90m[1mreimport[22m | 다시 가져올 파일을 준비 중...[39m[0m
[  95% ] [90m[1mreimport[22m | 다시 가져올 파일을 준비 중...[39m[0m
[  95% ] [90m[1mreimport[22m | 다시 가져올 파일을 준비 중...[39m[0m
[  95% ] [90m[1mreimport[22m | 다시 가져올 파일을 준비 중...[39m[0m
[  95% ] [90m[1mreimport[22m | 다시 가져올 파일을 준비 중...[39m[0m
[  95% ] [90m[1mreimport[22m | 다시 가져올 파일을 준비 중...[39m[0m
[  95% ] [90m[1mreimport[22m | 다시 가져올 파일을 준비 중...[39m[0m
[  95% ] [90m[1mreimport[22m | 다시 가져올 파일을 준비 중...[39m[0m
[  95% ] [90m[1mreimport[22m | 다시 가져올 파일을 준비 중...[39m[0m
[  95% ] [90m[1mreimport[22m | 다시 가져올 파일을 준비 중...[39m[0m
[  95% ] [90m[1mreimport[22m | 다시 가져올 파일을 준비 중...[39m[0m
[  96% ] [90m[1mreimport[22m | 다시 가져올 파일을 준비 중...[39m[0m
[  96% ] [90m[1mreimport[22m | 다시 가져올 파일을 준비 중...[39m[0m
[  96% ] [90m[1mreimport[22m | 다시 가져올 파일을 준비 중...[39m[0m
[  96% ] [90m[1mreimport[22m | 다시 가져올 파일을 준비 중...[39m[0m
[  96% ] [90m[1mreimport[22m | 다시 가져올 파일을 준비 중...[39m[0m
[  96% ] [90m[1mreimport[22m | 다시 가져올 파일을 준비 중...[39m[0m
[  96% ] [90m[1mreimport[22m | 다시 가져올 파일을 준비 중...[39m[0m
[  96% ] [90m[1mreimport[22m | 다시 가져올 파일을 준비 중...[39m[0m
[  96% ] [90m[1mreimport[22m | 다시 가져올 파일을 준비 중...[39m[0m
[  96% ] [90m[1mreimport[22m | 다시 가져올 파일을 준비 중...[39m[0m
[  96% ] [90m[1mreimport[22m | 다시 가져올 파일을 준비 중...[39m[0m
[  97% ] [90m[1mreimport[22m | 다시 가져올 파일을 준비 중...[39m[0m
[  97% ] [90m[1mreimport[22m | 다시 가져올 파일을 준비 중...[39m[0m
[  97% ] [90m[1mreimport[22m | 다시 가져올 파일을 준비 중...[39m[0m
[  97% ] [90m[1mreimport[22m | 다시 가져올 파일을 준비 중...[39m[0m
[  97% ] [90m[1mreimport[22m | 다시 가져올 파일을 준비 중...[39m[0m
[  97% ] [90m[1mreimport[22m | 다시 가져올 파일을 준비 중...[39m[0m
[  97% ] [90m[1mreimport[22m | 다시 가져올 파일을 준비 중...[39m[0m
[  97% ] [90m[1mreimport[22m | 다시 가져올 파일을 준비 중...[39m[0m
[  97% ] [90m[1mreimport[22m | 다시 가져올 파일을 준비 중...[39m[0m
[  97% ] [90m[1mreimport[22m | 다시 가져올 파일을 준비 중...[39m[0m
[  97% ] [90m[1mreimport[22m | 다시 가져올 파일을 준비 중...[39m[0m
[  98% ] [90m[1mreimport[22m | 다시 가져올 파일을 준비 중...[39m[0m
[  98% ] [90m[1mreimport[22m | 다시 가져올 파일을 준비 중...[39m[0m
[  98% ] [90m[1mreimport[22m | 다시 가져올 파일을 준비 중...[39m[0m
[  98% ] [90m[1mreimport[22m | 다시 가져올 파일을 준비 중...[39m[0m
[  98% ] [90m[1mreimport[22m | 다시 가져올 파일을 준비 중...[39m[0m
[  98% ] [90m[1mreimport[22m | 다시 가져올 파일을 준비 중...[39m[0m
[  98% ] [90m[1mreimport[22m | 다시 가져올 파일을 준비 중...[39m[0m
[  98% ] [90m[1mreimport[22m | 다시 가져올 파일을 준비 중...[39m[0m
[  98% ] [90m[1mreimport[22m | 다시 가져올 파일을 준비 중...[39m[0m
[  98% ] [90m[1mreimport[22m | 다시 가져올 파일을 준비 중...[39m[0m
[  98% ] [90m[1mreimport[22m | 다시 가져올 파일을 준비 중...[39m[0m
[  99% ] [90m[1mreimport[22m | 다시 가져올 파일을 준비 중...[39m[0m
[  99% ] [90m[1mreimport[22m | 다시 가져올 파일을 준비 중...[39m[0m
[  99% ] [90m[1mreimport[22m | 다시 가져올 파일을 준비 중...[39m[0m
[  99% ] [90m[1mreimport[22m | 다시 가져올 파일을 준비 중...[39m[0m
[  99% ] [90m[1mreimport[22m | 다시 가져올 파일을 준비 중...[39m[0m
[  99% ] [90m[1mreimport[22m | 다시 가져올 파일을 준비 중...[39m[0m
[  99% ] [90m[1mreimport[22m | 다시 가져올 파일을 준비 중...[39m[0m
[  99% ] [90m[1mreimport[22m | 다시 가져올 파일을 준비 중...[39m[0m
[  99% ] [90m[1mreimport[22m | 다시 가져올 파일을 준비 중...[39m[0m
[   0% ] [90m[1mreimport[22m | 다시 가져오기 전 작업을 수행 중...[39m[0m
[   0% ] [90m[1mreimport[22m | touch-layout.csv[39m[0m
[   0% ] [90m[1mreimport[22m | image-mapping.csv[39m[0m
[   0% ] [90m[1mreimport[22m | touch-layout.csv[39m[0m
[   0% ] [90m[1mreimport[22m | image-mapping.csv[39m[0m
[   0% ] [90m[1mreimport[22m | touch-layout.csv[39m[0m
[   0% ] [90m[1mreimport[22m | image-mapping.csv[39m[0m
[   0% ] [90m[1mreimport[22m | lobby.ogg[39m[0m
[   0% ] [90m[1mreimport[22m | battle.ogg[39m[0m
[   0% ] [90m[1mreimport[22m | progress_blue.png[39m[0m
[   0% ] [90m[1mreimport[22m | matchmaking_progress.png[39m[0m
[   0% ] [90m[1mreimport[22m | loading_progress.png[39m[0m
[   1% ] [90m[1mreimport[22m | collection_progress.png[39m[0m
[   1% ] [90m[1mreimport[22m | selected_tag_bg.png[39m[0m
[   1% ] [90m[1mreimport[22m | online_badge.png[39m[0m
[   1% ] [90m[1mreimport[22m | notification_badge.png[39m[0m
[   1% ] [90m[1mreimport[22m | new_tag_bg.png[39m[0m
[   1% ] [90m[1mreimport[22m | locked_tag_bg.png[39m[0m
[   1% ] [90m[1mreimport[22m | currency_ticket_bg.png[39m[0m
[   1% ] [90m[1mreimport[22m | currency_gem_bg.png[39m[0m
[   1% ] [90m[1mreimport[22m | currency_coin_bg.png[39m[0m
[   1% ] [90m[1mreimport[22m | count_badge.png[39m[0m
[   1% ] [90m[1mreimport[22m | rank_silver.png[39m[0m
[   2% ] [90m[1mreimport[22m | progress_green.png[39m[0m
[   2% ] [90m[1mreimport[22m | rank_progress.png[39m[0m
[   2% ] [90m[1mreimport[22m | xp_progress.png[39m[0m
[   2% ] [90m[1mreimport[22m | btn_danger_m_default.png[39m[0m
[   2% ] [90m[1mreimport[22m | btn_danger_m_disabled.png[39m[0m
[   2% ] [90m[1mreimport[22m | btn_danger_m_pressed.png[39m[0m
[   2% ] [90m[1mreimport[22m | btn_danger_s_default.png[39m[0m
[   2% ] [90m[1mreimport[22m | btn_danger_s_disabled.png[39m[0m
[   2% ] [90m[1mreimport[22m | btn_danger_s_pressed.png[39m[0m
[   2% ] [90m[1mreimport[22m | btn_ghost_l_default.png[39m[0m
[   2% ] [90m[1mreimport[22m | btn_ghost_l_pressed.png[39m[0m
[   3% ] [90m[1mreimport[22m | btn_ghost_m_default.png[39m[0m
[   3% ] [90m[1mreimport[22m | btn_ghost_m_pressed.png[39m[0m
[   3% ] [90m[1mreimport[22m | btn_ghost_s_default.png[39m[0m
[   3% ] [90m[1mreimport[22m | btn_ghost_s_pressed.png[39m[0m
[   3% ] [90m[1mreimport[22m | btn_primary_l_default.png[39m[0m
[   3% ] [90m[1mreimport[22m | acc_thorn_guard.png[39m[0m
[   3% ] [90m[1mreimport[22m | acc_vine_blade.png[39m[0m
[   3% ] [90m[1mreimport[22m | acc_wind_gauntlet.png[39m[0m
[   3% ] [90m[1mreimport[22m | logo_forest_arena.png[39m[0m
[   3% ] [90m[1mreimport[22m | logo_forest_arena_small.png[39m[0m
[   3% ] [90m[1mreimport[22m | char_mouse_bust.png[39m[0m
[   4% ] [90m[1mreimport[22m | char_mouse_face.png[39m[0m
[   4% ] [90m[1mreimport[22m | char_mouse_full.png[39m[0m
[   4% ] [90m[1mreimport[22m | char_rabbit_bust.png[39m[0m
[   4% ] [90m[1mreimport[22m | char_rabbit_face.png[39m[0m
[   4% ] [90m[1mreimport[22m | char_rabbit_full.png[39m[0m
[   4% ] [90m[1mreimport[22m | char_cat_face.png[39m[0m
[   4% ] [90m[1mreimport[22m | char_deer_face.png[39m[0m
[   4% ] [90m[1mreimport[22m | char_extra_01_face.png[39m[0m
[   4% ] [90m[1mreimport[22m | char_fox_face.png[39m[0m
[   4% ] [90m[1mreimport[22m | char_raccoon_face.png[39m[0m
[   4% ] [90m[1mreimport[22m | char_wolf_face.png[39m[0m
[   5% ] [90m[1mreimport[22m | icon_accessory.svg[39m[0m
[   5% ] [90m[1mreimport[22m | icon_ai.svg[39m[0m
[   5% ] [90m[1mreimport[22m | icon_character.svg[39m[0m
[   5% ] [90m[1mreimport[22m | icon_mission.svg[39m[0m
[   5% ] [90m[1mreimport[22m | icon_shop.svg[39m[0m
[   5% ] [90m[1mreimport[22m | icon_social.svg[39m[0m
[   5% ] [90m[1mreimport[22m | icon_solo.svg[39m[0m
[   5% ] [90m[1mreimport[22m | icon_story.svg[39m[0m
[   5% ] [90m[1mreimport[22m | icon_team.svg[39m[0m
[   5% ] [90m[1mreimport[22m | icon_training.svg[39m[0m
[   5% ] [90m[1mreimport[22m | rank_bronze.png[39m[0m
[   6% ] [90m[1mreimport[22m | rank_diamond.png[39m[0m
[   6% ] [90m[1mreimport[22m | rank_gold.png[39m[0m
[   6% ] [90m[1mreimport[22m | rank_master.png[39m[0m
[   6% ] [90m[1mreimport[22m | rank_platinum.png[39m[0m
[   6% ] [90m[1mreimport[22m | btn_arrow_left_default.png[39m[0m
[   6% ] [90m[1mreimport[22m | btn_arrow_left_pressed.png[39m[0m
[   6% ] [90m[1mreimport[22m | btn_arrow_right_default.png[39m[0m
[   6% ] [90m[1mreimport[22m | btn_arrow_right_pressed.png[39m[0m
[   6% ] [90m[1mreimport[22m | btn_arrow_up_default.png[39m[0m
[   6% ] [90m[1mreimport[22m | btn_back_default.png[39m[0m
[   6% ] [90m[1mreimport[22m | btn_back_pressed.png[39m[0m
[   7% ] [90m[1mreimport[22m | btn_close_default.png[39m[0m
[   7% ] [90m[1mreimport[22m | btn_close_pressed.png[39m[0m
[   7% ] [90m[1mreimport[22m | btn_icon_circle_m_default.png[39m[0m
[   7% ] [90m[1mreimport[22m | btn_icon_circle_m_disabled.png[39m[0m
[   7% ] [90m[1mreimport[22m | btn_icon_circle_m_pressed.png[39m[0m
[   7% ] [90m[1mreimport[22m | btn_icon_circle_s_default.png[39m[0m
[   7% ] [90m[1mreimport[22m | btn_icon_circle_s_disabled.png[39m[0m
[   7% ] [90m[1mreimport[22m | btn_icon_circle_s_pressed.png[39m[0m
[   7% ] [90m[1mreimport[22m | btn_icon_square_m_default.png[39m[0m
[   7% ] [90m[1mreimport[22m | nav_home_default.png[39m[0m
[   7% ] [90m[1mreimport[22m | nav_home_active.png[39m[0m
[   8% ] [90m[1mreimport[22m | nav_character_default.png[39m[0m
[   8% ] [90m[1mreimport[22m | nav_character_active.png[39m[0m
[   8% ] [90m[1mreimport[22m | nav_accessory_default.png[39m[0m
[   8% ] [90m[1mreimport[22m | nav_accessory_active.png[39m[0m
[   8% ] [90m[1mreimport[22m | btn_modal_single_pressed.png[39m[0m
[   8% ] [90m[1mreimport[22m | btn_modal_single_default.png[39m[0m
[   8% ] [90m[1mreimport[22m | btn_modal_confirm_pressed.png[39m[0m
[   8% ] [90m[1mreimport[22m | btn_modal_confirm_default.png[39m[0m
[   8% ] [90m[1mreimport[22m | btn_modal_cancel_pressed.png[39m[0m
[   8% ] [90m[1mreimport[22m | btn_modal_cancel_default.png[39m[0m
[   8% ] [90m[1mreimport[22m | btn_icon_square_s_pressed.png[39m[0m
[   9% ] [90m[1mreimport[22m | btn_icon_square_s_disabled.png[39m[0m
[   9% ] [90m[1mreimport[22m | btn_icon_square_s_default.png[39m[0m
[   9% ] [90m[1mreimport[22m | btn_icon_square_m_pressed.png[39m[0m
[   9% ] [90m[1mreimport[22m | btn_icon_square_m_disabled.png[39m[0m
[   9% ] [90m[1mreimport[22m | btn_reward_s_pressed.png[39m[0m
[   9% ] [90m[1mreimport[22m | btn_reward_s_disabled.png[39m[0m
[   9% ] [90m[1mreimport[22m | btn_reward_s_default.png[39m[0m
[   9% ] [90m[1mreimport[22m | btn_reward_m_pressed.png[39m[0m
[   9% ] [90m[1mreimport[22m | btn_reward_m_disabled.png[39m[0m
[   9% ] [90m[1mreimport[22m | btn_reward_m_default.png[39m[0m
[   9% ] [90m[1mreimport[22m | btn_reward_l_pressed.png[39m[0m
[  10% ] [90m[1mreimport[22m | btn_reward_l_disabled.png[39m[0m
[  10% ] [90m[1mreimport[22m | btn_reward_l_default.png[39m[0m
[  10% ] [90m[1mreimport[22m | btn_primary_s_pressed.png[39m[0m
[  10% ] [90m[1mreimport[22m | btn_primary_s_disabled.png[39m[0m
[  10% ] [90m[1mreimport[22m | btn_primary_s_default.png[39m[0m
[  10% ] [90m[1mreimport[22m | btn_primary_m_pressed.png[39m[0m
[  10% ] [90m[1mreimport[22m | btn_primary_m_disabled.png[39m[0m
[  10% ] [90m[1mreimport[22m | btn_primary_m_default.png[39m[0m
[  10% ] [90m[1mreimport[22m | btn_primary_l_pressed.png[39m[0m
[  10% ] [90m[1mreimport[22m | btn_primary_l_disabled.png[39m[0m
[  10% ] [90m[1mreimport[22m | btn_arrow_down_default.png[39m[0m
[  11% ] [90m[1mreimport[22m | chip_sort_selected.png[39m[0m
[  11% ] [90m[1mreimport[22m | chip_sort_desc.png[39m[0m
[  11% ] [90m[1mreimport[22m | chip_sort_default.png[39m[0m
[  11% ] [90m[1mreimport[22m | chip_sort_asc.png[39m[0m
[  11% ] [90m[1mreimport[22m | chip_filter_selected.png[39m[0m
[  11% ] [90m[1mreimport[22m | chip_filter_disabled.png[39m[0m
[  11% ] [90m[1mreimport[22m | chip_filter_default.png[39m[0m
[  11% ] [90m[1mreimport[22m | btn_secondary_s_pressed.png[39m[0m
[  11% ] [90m[1mreimport[22m | btn_secondary_s_disabled.png[39m[0m
[  11% ] [90m[1mreimport[22m | btn_secondary_s_default.png[39m[0m
[  11% ] [90m[1mreimport[22m | btn_secondary_m_pressed.png[39m[0m
[  12% ] [90m[1mreimport[22m | btn_secondary_m_disabled.png[39m[0m
[  12% ] [90m[1mreimport[22m | btn_secondary_m_default.png[39m[0m
[  12% ] [90m[1mreimport[22m | btn_secondary_l_pressed.png[39m[0m
[  12% ] [90m[1mreimport[22m | btn_secondary_l_disabled.png[39m[0m
[  12% ] [90m[1mreimport[22m | btn_secondary_l_default.png[39m[0m
[  12% ] [90m[1mreimport[22m | attack_heavy_charge_16f.png[39m[0m
[  12% ] [90m[1mreimport[22m | attack_heavy_down_16f.png[39m[0m
[  12% ] [90m[1mreimport[22m | attack_heavy_side_16f.png[39m[0m
[  12% ] [90m[1mreimport[22m | attack_heavy_up_16f.png[39m[0m
[  12% ] [90m[1mreimport[22m | attack_light_down_16f.png[39m[0m
[  12% ] [90m[1mreimport[22m | attack_light_up_16f.png[39m[0m
[  13% ] [90m[1mreimport[22m | death_16f.png[39m[0m
[  13% ] [90m[1mreimport[22m | evade_16f.png[39m[0m
[  13% ] [90m[1mreimport[22m | guard_16f.png[39m[0m
[  13% ] [90m[1mreimport[22m | hitstun_16f.png[39m[0m
[  13% ] [90m[1mreimport[22m | knock_down_16f.png[39m[0m
[  13% ] [90m[1mreimport[22m | launch_16f.png[39m[0m
[  13% ] [90m[1mreimport[22m | ring_out_16f.png[39m[0m
[  13% ] [90m[1mreimport[22m | spawn_16f.png[39m[0m
[  13% ] [90m[1mreimport[22m | special_down_16f.png[39m[0m
[  13% ] [90m[1mreimport[22m | special_neutral_16f.png[39m[0m
[  13% ] [90m[1mreimport[22m | special_side_16f.png[39m[0m
[  14% ] [90m[1mreimport[22m | special_up_16f.png[39m[0m
[  14% ] [90m[1mreimport[22m | ultimate_16f.png[39m[0m
[  14% ] [90m[1mreimport[22m | wake_up_16f.png[39m[0m
[  14% ] [90m[1mreimport[22m | attack_light_combo_01_16f.png[39m[0m
[  14% ] [90m[1mreimport[22m | attack_light_combo_02_16f.png[39m[0m
[  14% ] [90m[1mreimport[22m | attack_light_combo_03_16f.png[39m[0m
[  14% ] [90m[1mreimport[22m | attack_light_combo_04_16f.png[39m[0m
[  14% ] [90m[1mreimport[22m | idle_16f.png[39m[0m
[  14% ] [90m[1mreimport[22m | jump_16f.png[39m[0m
[  14% ] [90m[1mreimport[22m | run_16f.png[39m[0m
[  14% ] [90m[1mreimport[22m | myo-ryung-concept-v01.png[39m[0m
[  15% ] [90m[1mreimport[22m | attack_air_heavy_16f.png[39m[0m
[  15% ] [90m[1mreimport[22m | attack_air_light_16f.png[39m[0m
[  15% ] [90m[1mreimport[22m | attack_dash_heavy_16f.png[39m[0m
[  15% ] [90m[1mreimport[22m | attack_dash_light_16f.png[39m[0m
[  15% ] [90m[1mreimport[22m | attack_dash_heavy_16f.png[39m[0m
[  15% ] [90m[1mreimport[22m | attack_dash_light_16f.png[39m[0m
[  15% ] [90m[1mreimport[22m | attack_heavy_charge_16f.png[39m[0m
[  15% ] [90m[1mreimport[22m | attack_heavy_down_16f.png[39m[0m
[  15% ] [90m[1mreimport[22m | attack_heavy_side_16f.png[39m[0m
[  15% ] [90m[1mreimport[22m | attack_heavy_up_16f.png[39m[0m
[  15% ] [90m[1mreimport[22m | attack_light_down_16f.png[39m[0m
[  16% ] [90m[1mreimport[22m | attack_light_up_16f.png[39m[0m
[  16% ] [90m[1mreimport[22m | death_16f.png[39m[0m
[  16% ] [90m[1mreimport[22m | evade_16f.png[39m[0m
[  16% ] [90m[1mreimport[22m | guard_16f.png[39m[0m
[  16% ] [90m[1mreimport[22m | hitstun_16f.png[39m[0m
[  16% ] [90m[1mreimport[22m | knock_down_16f.png[39m[0m
[  16% ] [90m[1mreimport[22m | launch_16f.png[39m[0m
[  16% ] [90m[1mreimport[22m | ring_out_16f.png[39m[0m
[  16% ] [90m[1mreimport[22m | spawn_16f.png[39m[0m
[  16% ] [90m[1mreimport[22m | attack_dash_light_16f.png[39m[0m
[  16% ] [90m[1mreimport[22m | attack_dash_heavy_16f.png[39m[0m
[  17% ] [90m[1mreimport[22m | attack_air_light_16f.png[39m[0m
[  17% ] [90m[1mreimport[22m | attack_air_heavy_16f.png[39m[0m
[  17% ] [90m[1mreimport[22m | ja-hyun-concept-v01.png[39m[0m
[  17% ] [90m[1mreimport[22m | run_16f.png[39m[0m
[  17% ] [90m[1mreimport[22m | jump_16f.png[39m[0m
[  17% ] [90m[1mreimport[22m | idle_16f.png[39m[0m
[  17% ] [90m[1mreimport[22m | attack_light_combo_03_16f.png[39m[0m
[  17% ] [90m[1mreimport[22m | attack_light_combo_02_16f.png[39m[0m
[  17% ] [90m[1mreimport[22m | attack_light_combo_01_16f.png[39m[0m
[  17% ] [90m[1mreimport[22m | wake_up_16f.png[39m[0m
[  17% ] [90m[1mreimport[22m | ultimate_16f.png[39m[0m
[  18% ] [90m[1mreimport[22m | special_up_16f.png[39m[0m
[  18% ] [90m[1mreimport[22m | special_side_16f.png[39m[0m
[  18% ] [90m[1mreimport[22m | special_neutral_16f.png[39m[0m
[  18% ] [90m[1mreimport[22m | special_down_16f.png[39m[0m
[  18% ] [90m[1mreimport[22m | attack_heavy_down_16f.png[39m[0m
[  18% ] [90m[1mreimport[22m | attack_heavy_side_16f.png[39m[0m
[  18% ] [90m[1mreimport[22m | attack_heavy_up_16f.png[39m[0m
[  18% ] [90m[1mreimport[22m | attack_light_combo_01_16f.png[39m[0m
[  18% ] [90m[1mreimport[22m | attack_light_combo_02_16f.png[39m[0m
[  18% ] [90m[1mreimport[22m | attack_light_combo_03_16f.png[39m[0m
[  18% ] [90m[1mreimport[22m | attack_light_down_16f.png[39m[0m
[  19% ] [90m[1mreimport[22m | attack_light_up_16f.png[39m[0m
[  19% ] [90m[1mreimport[22m | death_16f.png[39m[0m
[  19% ] [90m[1mreimport[22m | evade_16f.png[39m[0m
[  19% ] [90m[1mreimport[22m | guard_16f.png[39m[0m
[  19% ] [90m[1mreimport[22m | hitstun_16f.png[39m[0m
[  19% ] [90m[1mreimport[22m | knock_down_16f.png[39m[0m
[  19% ] [90m[1mreimport[22m | launch_16f.png[39m[0m
[  19% ] [90m[1mreimport[22m | ring_out_16f.png[39m[0m
[  19% ] [90m[1mreimport[22m | spawn_16f.png[39m[0m
[  19% ] [90m[1mreimport[22m | acc_tail_booster.png[39m[0m
[  19% ] [90m[1mreimport[22m | acc_spirit_lantern.png[39m[0m
[  20% ] [90m[1mreimport[22m | acc_shadow_orb.png[39m[0m
[  20% ] [90m[1mreimport[22m | acc_leaf_chakram.png[39m[0m
[  20% ] [90m[1mreimport[22m | acc_horn_crest.png[39m[0m
[  20% ] [90m[1mreimport[22m | acc_gale_boots.png[39m[0m
[  20% ] [90m[1mreimport[22m | app_icon.svg[39m[0m
[  20% ] [90m[1mreimport[22m | yu-ran-concept-v01.png[39m[0m
[  20% ] [90m[1mreimport[22m | run_16f.png[39m[0m
[  20% ] [90m[1mreimport[22m | jump_16f.png[39m[0m
[  20% ] [90m[1mreimport[22m | idle_16f.png[39m[0m
[  20% ] [90m[1mreimport[22m | wake_up_16f.png[39m[0m
[  20% ] [90m[1mreimport[22m | ultimate_16f.png[39m[0m
[  21% ] [90m[1mreimport[22m | special_up_16f.png[39m[0m
[  21% ] [90m[1mreimport[22m | special_side_16f.png[39m[0m
[  21% ] [90m[1mreimport[22m | special_neutral_16f.png[39m[0m
[  21% ] [90m[1mreimport[22m | special_down_16f.png[39m[0m
[  21% ] [90m[1mreimport[22m | attack_heavy_charge_16f.png[39m[0m
[  21% ] [90m[1mreimport[22m | attack_heavy_down_16f.png[39m[0m
[  21% ] [90m[1mreimport[22m | attack_heavy_side_16f.png[39m[0m
[  21% ] [90m[1mreimport[22m | attack_heavy_up_16f.png[39m[0m
[  21% ] [90m[1mreimport[22m | attack_light_combo_01_16f.png[39m[0m
[  21% ] [90m[1mreimport[22m | attack_light_combo_02_16f.png[39m[0m
[  21% ] [90m[1mreimport[22m | attack_light_down_16f.png[39m[0m
[  22% ] [90m[1mreimport[22m | attack_light_up_16f.png[39m[0m
[  22% ] [90m[1mreimport[22m | death_16f.png[39m[0m
[  22% ] [90m[1mreimport[22m | evade_16f.png[39m[0m
[  22% ] [90m[1mreimport[22m | guard_16f.png[39m[0m
[  22% ] [90m[1mreimport[22m | hitstun_16f.png[39m[0m
[  22% ] [90m[1mreimport[22m | knock_down_16f.png[39m[0m
[  22% ] [90m[1mreimport[22m | launch_16f.png[39m[0m
[  22% ] [90m[1mreimport[22m | ring_out_16f.png[39m[0m
[  22% ] [90m[1mreimport[22m | spawn_16f.png[39m[0m
[  22% ] [90m[1mreimport[22m | attack_heavy_charge_16f.png[39m[0m
[  22% ] [90m[1mreimport[22m | attack_dash_light_16f.png[39m[0m
[  23% ] [90m[1mreimport[22m | attack_dash_heavy_16f.png[39m[0m
[  23% ] [90m[1mreimport[22m | attack_air_light_16f.png[39m[0m
[  23% ] [90m[1mreimport[22m | attack_air_heavy_16f.png[39m[0m
[  23% ] [90m[1mreimport[22m | nabi-concept-v01.png[39m[0m
[  23% ] [90m[1mreimport[22m | run_16f.png[39m[0m
[  23% ] [90m[1mreimport[22m | jump_16f.png[39m[0m
[  23% ] [90m[1mreimport[22m | idle_16f.png[39m[0m
[  23% ] [90m[1mreimport[22m | attack_light_combo_02_16f.png[39m[0m
[  23% ] [90m[1mreimport[22m | attack_light_combo_01_16f.png[39m[0m
[  23% ] [90m[1mreimport[22m | wake_up_16f.png[39m[0m
[  23% ] [90m[1mreimport[22m | ultimate_16f.png[39m[0m
[  24% ] [90m[1mreimport[22m | special_up_16f.png[39m[0m
[  24% ] [90m[1mreimport[22m | special_side_16f.png[39m[0m
[  24% ] [90m[1mreimport[22m | special_neutral_16f.png[39m[0m
[  24% ] [90m[1mreimport[22m | special_down_16f.png[39m[0m
[  24% ] [90m[1mreimport[22m | preset_slot_selected.png[39m[0m
[  24% ] [90m[1mreimport[22m | reward_item_slot.png[39m[0m
[  24% ] [90m[1mreimport[22m | skill_icon_slot.png[39m[0m
[  24% ] [90m[1mreimport[22m | team_slot_blue.png[39m[0m
[  24% ] [90m[1mreimport[22m | team_slot_pink.png[39m[0m
[  24% ] [90m[1mreimport[22m | compatibility_meter_bg.png[39m[0m
[  24% ] [90m[1mreimport[22m | compatibility_pip_off.png[39m[0m
[  25% ] [90m[1mreimport[22m | compatibility_pip_on.png[39m[0m
[  25% ] [90m[1mreimport[22m | difficulty_pip_off.png[39m[0m
[  25% ] [90m[1mreimport[22m | difficulty_pip_on.png[39m[0m
[  25% ] [90m[1mreimport[22m | rating_delta_negative.png[39m[0m
[  25% ] [90m[1mreimport[22m | rating_delta_positive.png[39m[0m
[  25% ] [90m[1mreimport[22m | role_tag_bg.png[39m[0m
[  25% ] [90m[1mreimport[22m | dropdown_default.png[39m[0m
[  25% ] [90m[1mreimport[22m | dropdown_open.png[39m[0m
[  25% ] [90m[1mreimport[22m | input_field_default.png[39m[0m
[  25% ] [90m[1mreimport[22m | input_field_focused.png[39m[0m
[  25% ] [90m[1mreimport[22m | scroll_thumb.png[39m[0m
[  26% ] [90m[1mreimport[22m | scroll_track.png[39m[0m
[  26% ] [90m[1mreimport[22m | search_field.png[39m[0m
[  26% ] [90m[1mreimport[22m | segmented_bg.png[39m[0m
[  26% ] [90m[1mreimport[22m | slider_thumb.png[39m[0m
[  26% ] [90m[1mreimport[22m | slider_track.png[39m[0m
[  26% ] [90m[1mreimport[22m | bg_accessory_workshop.png[39m[0m
[  26% ] [90m[1mreimport[22m | bg_character_room.png[39m[0m
[  26% ] [90m[1mreimport[22m | bg_combat_forest_arena.png[39m[0m
[  26% ] [90m[1mreimport[22m | bg_combat_training_arena.svg[39m[0m
[  26% ] [90m[1mreimport[22m | bg_loading.png[39m[0m
[  26% ] [90m[1mreimport[22m | bg_lobby_forest_town.png[39m[0m
[  27% ] [90m[1mreimport[22m | bg_login_village.png[39m[0m
[  27% ] [90m[1mreimport[22m | bg_matchmaking.png[39m[0m
[  27% ] [90m[1mreimport[22m | bg_mode_ai.png[39m[0m
[  27% ] [90m[1mreimport[22m | panel_base_l.png[39m[0m
[  27% ] [90m[1mreimport[22m | panel_base_m.png[39m[0m
[  27% ] [90m[1mreimport[22m | panel_base_s.png[39m[0m
[  27% ] [90m[1mreimport[22m | panel_blue_m.png[39m[0m
[  27% ] [90m[1mreimport[22m | panel_dark_l.png[39m[0m
[  27% ] [90m[1mreimport[22m | panel_glass_m.png[39m[0m
[  27% ] [90m[1mreimport[22m | panel_gold_m.png[39m[0m
[  27% ] [90m[1mreimport[22m | panel_green_m.png[39m[0m
[  28% ] [90m[1mreimport[22m | panel_parchment_m.png[39m[0m
[  28% ] [90m[1mreimport[22m | panel_pink_m.png[39m[0m
[  28% ] [90m[1mreimport[22m | host_crown.png[39m[0m
[  28% ] [90m[1mreimport[22m | team_separator.png[39m[0m
[  28% ] [90m[1mreimport[22m | voice_muted_badge.png[39m[0m
[  28% ] [90m[1mreimport[22m | voice_on_badge.png[39m[0m
[  28% ] [90m[1mreimport[22m | placement_badge.png[39m[0m
[  28% ] [90m[1mreimport[22m | season_banner.png[39m[0m
[  28% ] [90m[1mreimport[22m | preset_slot_empty.png[39m[0m
[  28% ] [90m[1mreimport[22m | party_slot_host.png[39m[0m
[  28% ] [90m[1mreimport[22m | party_slot_filled.png[39m[0m
[  29% ] [90m[1mreimport[22m | party_slot_empty.png[39m[0m
[  29% ] [90m[1mreimport[22m | loadout_slot.png[39m[0m
[  29% ] [90m[1mreimport[22m | inventory_grid_slot.png[39m[0m
[  29% ] [90m[1mreimport[22m | favorite_accessory_slot.png[39m[0m
[  29% ] [90m[1mreimport[22m | avatar_frame_host.png[39m[0m
[  29% ] [90m[1mreimport[22m | avatar_frame_default.png[39m[0m
[  29% ] [90m[1mreimport[22m | sale_ribbon.png[39m[0m
[  29% ] [90m[1mreimport[22m | price_tag_bg.png[39m[0m
[  29% ] [90m[1mreimport[22m | owned_overlay.png[39m[0m
[  29% ] [90m[1mreimport[22m | featured_corner.png[39m[0m
[  29% ] [90m[1mreimport[22m | victory_title.png[39m[0m
[  30% ] [90m[1mreimport[22m | result_reward_tray.png[39m[0m
[  30% ] [90m[1mreimport[22m | mvp_emblem.png[39m[0m
[  30% ] [90m[1mreimport[22m | defeat_title.png[39m[0m
[  30% ] [90m[1mreimport[22m | fx_match_ring.png[39m[0m
[  30% ] [90m[1mreimport[22m | fx_victory_rays.png[39m[0m
[  30% ] [90m[1mreimport[22m | illust_event_01.png[39m[0m
[  30% ] [90m[1mreimport[22m | illust_mvp_mouse.png[39m[0m
[  30% ] [90m[1mreimport[22m | illust_shop_feature.png[39m[0m
[  30% ] [90m[1mreimport[22m | illust_story_chapter_01.png[39m[0m
[  30% ] [90m[1mreimport[22m | illust_victory_duo.png[39m[0m
[  30% ] [90m[1mreimport[22m | terrain_forest_ledge.png[39m[0m
[  31% ] [90m[1mreimport[22m | bg_accessory_workshop.png[39m[0m
[  31% ] [90m[1mreimport[22m | bg_character_room.png[39m[0m
[  31% ] [90m[1mreimport[22m | bg_combat_forest_arena.png[39m[0m
[  31% ] [90m[1mreimport[22m | bg_combat_training_arena.svg[39m[0m
[  31% ] [90m[1mreimport[22m | bg_loading.png[39m[0m
[  31% ] [90m[1mreimport[22m | bg_lobby_forest_town.png[39m[0m
[  31% ] [90m[1mreimport[22m | bg_login_village.png[39m[0m
[  31% ] [90m[1mreimport[22m | bg_matchmaking.png[39m[0m
[  31% ] [90m[1mreimport[22m | terrain_forest_ledge.png[39m[0m
[  31% ] [90m[1mreimport[22m | illust_victory_duo.png[39m[0m
[  31% ] [90m[1mreimport[22m | illust_story_chapter_01.png[39m[0m
[  32% ] [90m[1mreimport[22m | illust_shop_feature.png[39m[0m
[  32% ] [90m[1mreimport[22m | illust_mvp_mouse.png[39m[0m
[  32% ] [90m[1mreimport[22m | illust_event_01.png[39m[0m
[  32% ] [90m[1mreimport[22m | fx_victory_rays.png[39m[0m
[  32% ] [90m[1mreimport[22m | fx_match_ring.png[39m[0m
[  32% ] [90m[1mreimport[22m | fx_light_particles.png[39m[0m
[  32% ] [90m[1mreimport[22m | fx_leaf_corner.png[39m[0m
[  32% ] [90m[1mreimport[22m | bg_victory.png[39m[0m
[  32% ] [90m[1mreimport[22m | bg_splash_forest.png[39m[0m
[  32% ] [90m[1mreimport[22m | bg_mode_training.png[39m[0m
[  32% ] [90m[1mreimport[22m | bg_mode_team.png[39m[0m
[  33% ] [90m[1mreimport[22m | bg_mode_story.png[39m[0m
[  33% ] [90m[1mreimport[22m | bg_mode_solo.png[39m[0m
[  33% ] [90m[1mreimport[22m | bg_mode_ai.png[39m[0m
[  33% ] [90m[1mreimport[22m | bg_mode_solo.png[39m[0m
[  33% ] [90m[1mreimport[22m | bg_mode_story.png[39m[0m
[  33% ] [90m[1mreimport[22m | bg_mode_team.png[39m[0m
[  33% ] [90m[1mreimport[22m | bg_mode_training.png[39m[0m
[  33% ] [90m[1mreimport[22m | bg_splash_forest.png[39m[0m
[  33% ] [90m[1mreimport[22m | bg_victory.png[39m[0m
[  33% ] [90m[1mreimport[22m | fx_leaf_corner.png[39m[0m
[  34% ] [90m[1mreimport[22m | fx_light_particles.png[39m[0m
[  34% ] [90m[1mreimport[22m | fx_match_ring.png[39m[0m
[  34% ] [90m[1mreimport[22m | fx_victory_rays.png[39m[0m
[  34% ] [90m[1mreimport[22m | illust_event_01.png[39m[0m
[  34% ] [90m[1mreimport[22m | illust_mvp_mouse.png[39m[0m
[  34% ] [90m[1mreimport[22m | illust_shop_feature.png[39m[0m
[  34% ] [90m[1mreimport[22m | illust_story_chapter_01.png[39m[0m
[  34% ] [90m[1mreimport[22m | illust_victory_duo.png[39m[0m
[  34% ] [90m[1mreimport[22m | terrain_forest_ledge.png[39m[0m
[  34% ] [90m[1mreimport[22m | fx_light_particles.png[39m[0m
[  34% ] [90m[1mreimport[22m | fx_leaf_corner.png[39m[0m
[  35% ] [90m[1mreimport[22m | bg_victory.png[39m[0m
[  35% ] [90m[1mreimport[22m | bg_splash_forest.png[39m[0m
[  35% ] [90m[1mreimport[22m | bg_mode_training.png[39m[0m
[  35% ] [90m[1mreimport[22m | bg_mode_team.png[39m[0m
[  35% ] [90m[1mreimport[22m | bg_mode_story.png[39m[0m
[  35% ] [90m[1mreimport[22m | bg_mode_solo.png[39m[0m
[  35% ] [90m[1mreimport[22m | bg_mode_ai.png[39m[0m
[  35% ] [90m[1mreimport[22m | bg_matchmaking.png[39m[0m
[  35% ] [90m[1mreimport[22m | bg_login_village.png[39m[0m
[  35% ] [90m[1mreimport[22m | bg_lobby_forest_town.png[39m[0m
[  35% ] [90m[1mreimport[22m | bg_loading.png[39m[0m
[  36% ] [90m[1mreimport[22m | bg_combat_training_arena.svg[39m[0m
[  36% ] [90m[1mreimport[22m | bg_combat_forest_arena.png[39m[0m
[  36% ] [90m[1mreimport[22m | bg_character_room.png[39m[0m
[  36% ] [90m[1mreimport[22m | bg_accessory_workshop.png[39m[0m
[  36% ] [90m[1mreimport[22m | btn_invite_m_pressed.png[39m[0m
[  36% ] [90m[1mreimport[22m | btn_like_s_default.png[39m[0m
[  36% ] [90m[1mreimport[22m | btn_like_s_pressed.png[39m[0m
[  36% ] [90m[1mreimport[22m | btn_match_start_l_default.png[39m[0m
[  36% ] [90m[1mreimport[22m | btn_match_start_l_pressed.png[39m[0m
[  36% ] [90m[1mreimport[22m | btn_preset_apply_m_default.png[39m[0m
[  36% ] [90m[1mreimport[22m | btn_preset_apply_m_pressed.png[39m[0m
[  37% ] [90m[1mreimport[22m | btn_preset_save_m_default.png[39m[0m
[  37% ] [90m[1mreimport[22m | btn_preset_save_m_pressed.png[39m[0m
[  37% ] [90m[1mreimport[22m | btn_ready_l_default.png[39m[0m
[  37% ] [90m[1mreimport[22m | btn_ready_l_pressed.png[39m[0m
[  37% ] [90m[1mreimport[22m | btn_retry_l_default.png[39m[0m
[  37% ] [90m[1mreimport[22m | btn_retry_l_pressed.png[39m[0m
[  37% ] [90m[1mreimport[22m | btn_select_l_default.png[39m[0m
[  37% ] [90m[1mreimport[22m | btn_select_l_pressed.png[39m[0m
[  37% ] [90m[1mreimport[22m | btn_skin_view_m_default.png[39m[0m
[  37% ] [90m[1mreimport[22m | btn_skin_view_m_pressed.png[39m[0m
[  37% ] [90m[1mreimport[22m | btn_team_switch_m_default.png[39m[0m
[  38% ] [90m[1mreimport[22m | btn_team_switch_m_pressed.png[39m[0m
[  38% ] [90m[1mreimport[22m | btn_try_m_default.png[39m[0m
[  38% ] [90m[1mreimport[22m | btn_try_m_pressed.png[39m[0m
[  38% ] [90m[1mreimport[22m | btn_view_profile_m_default.png[39m[0m
[  38% ] [90m[1mreimport[22m | btn_view_profile_m_pressed.png[39m[0m
[  38% ] [90m[1mreimport[22m | btn_minus_default.png[39m[0m
[  38% ] [90m[1mreimport[22m | btn_minus_pressed.png[39m[0m
[  38% ] [90m[1mreimport[22m | btn_plus_default.png[39m[0m
[  38% ] [90m[1mreimport[22m | btn_plus_pressed.png[39m[0m
[  38% ] [90m[1mreimport[22m | tab_sub_default.png[39m[0m
[  38% ] [90m[1mreimport[22m | tab_sub_disabled.png[39m[0m
[  39% ] [90m[1mreimport[22m | tab_sub_selected.png[39m[0m
[  39% ] [90m[1mreimport[22m | tab_top_default.png[39m[0m
[  39% ] [90m[1mreimport[22m | tab_top_disabled.png[39m[0m
[  39% ] [90m[1mreimport[22m | nav_mission_active.png[39m[0m
[  39% ] [90m[1mreimport[22m | nav_mission_default.png[39m[0m
[  39% ] [90m[1mreimport[22m | nav_play_active.png[39m[0m
[  39% ] [90m[1mreimport[22m | nav_play_default.png[39m[0m
[  39% ] [90m[1mreimport[22m | nav_shop_active.png[39m[0m
[  39% ] [90m[1mreimport[22m | nav_shop_default.png[39m[0m
[  39% ] [90m[1mreimport[22m | nav_social_active.png[39m[0m
[  39% ] [90m[1mreimport[22m | nav_social_default.png[39m[0m
[  40% ] [90m[1mreimport[22m | btn_accept_match_l_default.png[39m[0m
[  40% ] [90m[1mreimport[22m | btn_accept_match_l_pressed.png[39m[0m
[  40% ] [90m[1mreimport[22m | btn_add_friend_m_default.png[39m[0m
[  40% ] [90m[1mreimport[22m | btn_add_friend_m_pressed.png[39m[0m
[  40% ] [90m[1mreimport[22m | btn_add_slot_s_default.png[39m[0m
[  40% ] [90m[1mreimport[22m | btn_add_slot_s_pressed.png[39m[0m
[  40% ] [90m[1mreimport[22m | btn_back_lobby_m_default.png[39m[0m
[  40% ] [90m[1mreimport[22m | btn_back_lobby_m_pressed.png[39m[0m
[  40% ] [90m[1mreimport[22m | btn_invite_m_default.png[39m[0m
[  40% ] [90m[1mreimport[22m | btn_equip_l_pressed.png[39m[0m
[  40% ] [90m[1mreimport[22m | btn_equip_l_default.png[39m[0m
[  41% ] [90m[1mreimport[22m | btn_continue_l_pressed.png[39m[0m
[  41% ] [90m[1mreimport[22m | btn_continue_l_default.png[39m[0m
[  41% ] [90m[1mreimport[22m | btn_confirm_pick_l_pressed.png[39m[0m
[  41% ] [90m[1mreimport[22m | btn_confirm_pick_l_default.png[39m[0m
[  41% ] [90m[1mreimport[22m | btn_claim_reward_m_pressed.png[39m[0m
[  41% ] [90m[1mreimport[22m | btn_claim_reward_m_disabled.png[39m[0m
[  41% ] [90m[1mreimport[22m | btn_claim_reward_m_default.png[39m[0m
[  41% ] [90m[1mreimport[22m | btn_cancel_queue_m_pressed.png[39m[0m
[  41% ] [90m[1mreimport[22m | btn_cancel_queue_m_default.png[39m[0m
[  41% ] [90m[1mreimport[22m | btn_buy_l_pressed.png[39m[0m
[  41% ] [90m[1mreimport[22m | btn_buy_l_disabled.png[39m[0m
[  42% ] [90m[1mreimport[22m | btn_buy_l_default.png[39m[0m
[  42% ] [90m[1mreimport[22m | btn_bundle_m_pressed.png[39m[0m
[  42% ] [90m[1mreimport[22m | btn_bundle_m_default.png[39m[0m
[  42% ] [90m[1mreimport[22m | card_shop_featured.png[39m[0m
[  42% ] [90m[1mreimport[22m | card_skill_detail.png[39m[0m
[  42% ] [90m[1mreimport[22m | action_default.svg[39m[0m
[  42% ] [90m[1mreimport[22m | action_pressed.svg[39m[0m
[  42% ] [90m[1mreimport[22m | dpad_default.svg[39m[0m
[  42% ] [90m[1mreimport[22m | dpad_down.svg[39m[0m
[  42% ] [90m[1mreimport[22m | dpad_left.svg[39m[0m
[  42% ] [90m[1mreimport[22m | dpad_right.svg[39m[0m
[  43% ] [90m[1mreimport[22m | dpad_up.svg[39m[0m
[  43% ] [90m[1mreimport[22m | corner_leaf_cluster.png[39m[0m
[  43% ] [90m[1mreimport[22m | divider_leaf.png[39m[0m
[  43% ] [90m[1mreimport[22m | focus_ring.png[39m[0m
[  43% ] [90m[1mreimport[22m | empty_collection.png[39m[0m
[  43% ] [90m[1mreimport[22m | empty_friends.png[39m[0m
[  43% ] [90m[1mreimport[22m | maintenance.png[39m[0m
[  43% ] [90m[1mreimport[22m | network_error.png[39m[0m
[  43% ] [90m[1mreimport[22m | spotlight_vignette.png[39m[0m
[  43% ] [90m[1mreimport[22m | screen_dim.png[39m[0m
[  43% ] [90m[1mreimport[22m | loading_spinner.png[39m[0m
[  44% ] [90m[1mreimport[22m | top_bar_bg.png[39m[0m
[  44% ] [90m[1mreimport[22m | side_panel_bg.png[39m[0m
[  44% ] [90m[1mreimport[22m | header_strip_green.png[39m[0m
[  44% ] [90m[1mreimport[22m | header_strip_cream.png[39m[0m
[  44% ] [90m[1mreimport[22m | carousel_dot_default.png[39m[0m
[  44% ] [90m[1mreimport[22m | carousel_dot_active.png[39m[0m
[  44% ] [90m[1mreimport[22m | bottom_nav_bg.png[39m[0m
[  44% ] [90m[1mreimport[22m | tooltip_frame.png[39m[0m
[  44% ] [90m[1mreimport[22m | toast_frame.png[39m[0m
[  44% ] [90m[1mreimport[22m | modal_small.png[39m[0m
[  44% ] [90m[1mreimport[22m | modal_medium.png[39m[0m
[  45% ] [90m[1mreimport[22m | modal_large.png[39m[0m
[  45% ] [90m[1mreimport[22m | dialog_frame.png[39m[0m
[  45% ] [90m[1mreimport[22m | context_menu.png[39m[0m
[  45% ] [90m[1mreimport[22m | tab_top_selected.png[39m[0m
[  45% ] [90m[1mreimport[22m | checkbox_default_off.png[39m[0m
[  45% ] [90m[1mreimport[22m | checkbox_default_on.png[39m[0m
[  45% ] [90m[1mreimport[22m | checkbox_disabled_off.png[39m[0m
[  45% ] [90m[1mreimport[22m | checkbox_disabled_on.png[39m[0m
[  45% ] [90m[1mreimport[22m | radio_default_off.png[39m[0m
[  45% ] [90m[1mreimport[22m | radio_default_on.png[39m[0m
[  45% ] [90m[1mreimport[22m | radio_disabled_off.png[39m[0m
[  46% ] [90m[1mreimport[22m | radio_disabled_on.png[39m[0m
[  46% ] [90m[1mreimport[22m | toggle_default_off.png[39m[0m
[  46% ] [90m[1mreimport[22m | toggle_default_on.png[39m[0m
[  46% ] [90m[1mreimport[22m | toggle_disabled_off.png[39m[0m
[  46% ] [90m[1mreimport[22m | toggle_disabled_on.png[39m[0m
[  46% ] [90m[1mreimport[22m | card_accessory_default.png[39m[0m
[  46% ] [90m[1mreimport[22m | card_accessory_selected.png[39m[0m
[  46% ] [90m[1mreimport[22m | card_character_default.png[39m[0m
[  46% ] [90m[1mreimport[22m | card_shop_default.png[39m[0m
[  46% ] [90m[1mreimport[22m | card_reward_item.png[39m[0m
[  46% ] [90m[1mreimport[22m | card_result_stat.png[39m[0m
[  47% ] [90m[1mreimport[22m | card_recent_player_row.png[39m[0m
[  47% ] [90m[1mreimport[22m | card_rank_summary.png[39m[0m
[  47% ] [90m[1mreimport[22m | card_profile.png[39m[0m
[  47% ] [90m[1mreimport[22m | card_mode_selected.png[39m[0m
[  47% ] [90m[1mreimport[22m | card_mode_default.png[39m[0m
[  47% ] [90m[1mreimport[22m | card_mission_default.png[39m[0m
[  47% ] [90m[1mreimport[22m | card_mission_complete.png[39m[0m
[  47% ] [90m[1mreimport[22m | card_match_history_row.png[39m[0m
[  47% ] [90m[1mreimport[22m | card_leaderboard_row.png[39m[0m
[  47% ] [90m[1mreimport[22m | card_guild_row.png[39m[0m
[  47% ] [90m[1mreimport[22m | card_friend_row.png[39m[0m
[  48% ] [90m[1mreimport[22m | card_event_banner.png[39m[0m
[  48% ] [90m[1mreimport[22m | card_character_selected.png[39m[0m
[  48% ] [90m[1mreimport[22m | card_character_locked.png[39m[0m
[  48% ] [90m[1mreimport[22m | attack_dash_heavy_16f.png[39m[0m
[  48% ] [90m[1mreimport[22m | attack_air_light_contact.png[39m[0m
[  48% ] [90m[1mreimport[22m | attack_air_light_16f.png[39m[0m
[  48% ] [90m[1mreimport[22m | attack_air_heavy_contact.png[39m[0m
[  48% ] [90m[1mreimport[22m | attack_air_heavy_16f.png[39m[0m
[  48% ] [90m[1mreimport[22m | yu-ran-motions-physical-r01.jpg[39m[0m
[  48% ] [90m[1mreimport[22m | nabi-result-physical-r01.jpg[39m[0m
[  48% ] [90m[1mreimport[22m | nabi-persistence-physical-r01.jpg[39m[0m
[  49% ] [90m[1mreimport[22m | nabi-attack-physical-r01.jpg[39m[0m
[  49% ] [90m[1mreimport[22m | local-ai-resume-physical-r02.jpg[39m[0m
[  49% ] [90m[1mreimport[22m | local-ai-active-physical-r02.jpg[39m[0m
[  49% ] [90m[1mreimport[22m | android-back-resume-physical-r01.jpg[39m[0m
[  49% ] [90m[1mreimport[22m | android-back-pause-physical-r01.jpg[39m[0m
[  49% ] [90m[1mreimport[22m | android-back-home-physical-r01.jpg[39m[0m
[  49% ] [90m[1mreimport[22m | splash.jpg[39m[0m
[  49% ] [90m[1mreimport[22m | nabi.png[39m[0m
[  49% ] [90m[1mreimport[22m | myo-ryung.png[39m[0m
[  49% ] [90m[1mreimport[22m | evade_16f.png[39m[0m
[  49% ] [90m[1mreimport[22m | death_contact.png[39m[0m
[  50% ] [90m[1mreimport[22m | death_16f.png[39m[0m
[  50% ] [90m[1mreimport[22m | attack_light_up_contact.png[39m[0m
[  50% ] [90m[1mreimport[22m | attack_light_up_16f.png[39m[0m
[  50% ] [90m[1mreimport[22m | attack_light_down_contact.png[39m[0m
[  50% ] [90m[1mreimport[22m | attack_light_down_16f.png[39m[0m
[  50% ] [90m[1mreimport[22m | attack_heavy_up_contact.png[39m[0m
[  50% ] [90m[1mreimport[22m | attack_heavy_up_16f.png[39m[0m
[  50% ] [90m[1mreimport[22m | attack_heavy_side_contact.png[39m[0m
[  50% ] [90m[1mreimport[22m | attack_heavy_side_16f.png[39m[0m
[  50% ] [90m[1mreimport[22m | attack_heavy_down_contact.png[39m[0m
[  50% ] [90m[1mreimport[22m | attack_heavy_down_16f.png[39m[0m
[  51% ] [90m[1mreimport[22m | attack_heavy_charge_contact.png[39m[0m
[  51% ] [90m[1mreimport[22m | attack_heavy_charge_16f.png[39m[0m
[  51% ] [90m[1mreimport[22m | attack_dash_light_contact.png[39m[0m
[  51% ] [90m[1mreimport[22m | attack_dash_light_16f.png[39m[0m
[  51% ] [90m[1mreimport[22m | attack_dash_heavy_contact.png[39m[0m
[  51% ] [90m[1mreimport[22m | SCR_21_Mission.png[39m[0m
[  51% ] [90m[1mreimport[22m | SCR_20_Collection.png[39m[0m
[  51% ] [90m[1mreimport[22m | SCR_19_Shop.png[39m[0m
[  51% ] [90m[1mreimport[22m | SCR_18_MVP.png[39m[0m
[  51% ] [90m[1mreimport[22m | SCR_17_ResultSummary.png[39m[0m
[  51% ] [90m[1mreimport[22m | SCR_16_Victory.png[39m[0m
[  52% ] [90m[1mreimport[22m | SCR_15_Loading.png[39m[0m
[  52% ] [90m[1mreimport[22m | SCR_14_AccessorySelect.png[39m[0m
[  52% ] [90m[1mreimport[22m | SCR_13_CharacterSelect.png[39m[0m
[  52% ] [90m[1mreimport[22m | SCR_12_MatchFound.png[39m[0m
[  52% ] [90m[1mreimport[22m | SCR_11_Matchmaking.png[39m[0m
[  52% ] [90m[1mreimport[22m | SCR_10_PartyLobby.png[39m[0m
[  52% ] [90m[1mreimport[22m | SCR_09_ModeSelect.png[39m[0m
[  52% ] [90m[1mreimport[22m | SCR_08_Preset.png[39m[0m
[  52% ] [90m[1mreimport[22m | SCR_07_AccessoryDetail.png[39m[0m
[  52% ] [90m[1mreimport[22m | SCR_06_AccessoryCollection.png[39m[0m
[  52% ] [90m[1mreimport[22m | SCR_05_CharacterDetail.png[39m[0m
[  53% ] [90m[1mreimport[22m | SCR_04_CharacterCollection.png[39m[0m
[  53% ] [90m[1mreimport[22m | lobby.jpg[39m[0m
[  53% ] [90m[1mreimport[22m | kit-preview.png[39m[0m
[  53% ] [90m[1mreimport[22m | ja-hyun.png[39m[0m
[  53% ] [90m[1mreimport[22m | STATE_SettingsReset.png[39m[0m
[  53% ] [90m[1mreimport[22m | STATE_SelectionRequired.png[39m[0m
[  53% ] [90m[1mreimport[22m | STATE_Ringout.png[39m[0m
[  53% ] [90m[1mreimport[22m | STATE_Respawn.png[39m[0m
[  53% ] [90m[1mreimport[22m | STATE_OnlineMenu.png[39m[0m
[  53% ] [90m[1mreimport[22m | STATE_Hit.png[39m[0m
[  53% ] [90m[1mreimport[22m | STATE_EmptyList.png[39m[0m
[  54% ] [90m[1mreimport[22m | STATE_Eliminated.png[39m[0m
[  54% ] [90m[1mreimport[22m | STATE_Defeat.png[39m[0m
[  54% ] [90m[1mreimport[22m | STATE_Countdown.png[39m[0m
[  54% ] [90m[1mreimport[22m | STATE_ConnectionError.png[39m[0m
[  54% ] [90m[1mreimport[22m | STATE_CancelMatch.png[39m[0m
[  54% ] [90m[1mreimport[22m | SCR_24_Profile.png[39m[0m
[  54% ] [90m[1mreimport[22m | SCR_23_Rank.png[39m[0m
[  54% ] [90m[1mreimport[22m | SCR_22_Social.png[39m[0m
[  54% ] [90m[1mreimport[22m | attack_air_heavy_contact.png[39m[0m
[  54% ] [90m[1mreimport[22m | attack_air_heavy_16f.png[39m[0m
[  54% ] [90m[1mreimport[22m | wake-up-r01.png[39m[0m
[  55% ] [90m[1mreimport[22m | ultimate-r01.png[39m[0m
[  55% ] [90m[1mreimport[22m | special-up-r01.png[39m[0m
[  55% ] [90m[1mreimport[22m | special-side-r01.png[39m[0m
[  55% ] [90m[1mreimport[22m | special-neutral-r01.png[39m[0m
[  55% ] [90m[1mreimport[22m | special-down-r01.png[39m[0m
[  55% ] [90m[1mreimport[22m | spawn-r02.png[39m[0m
[  55% ] [90m[1mreimport[22m | spawn-r01.png[39m[0m
[  55% ] [90m[1mreimport[22m | ring-out-r01.png[39m[0m
[  55% ] [90m[1mreimport[22m | light-up-r01.png[39m[0m
[  55% ] [90m[1mreimport[22m | light-down-r01.png[39m[0m
[  55% ] [90m[1mreimport[22m | launch-r01.png[39m[0m
[  56% ] [90m[1mreimport[22m | knock-down-r01.png[39m[0m
[  56% ] [90m[1mreimport[22m | hitstun-r01.png[39m[0m
[  56% ] [90m[1mreimport[22m | heavy-up-r01.png[39m[0m
[  56% ] [90m[1mreimport[22m | attack_light_up_contact.png[39m[0m
[  56% ] [90m[1mreimport[22m | attack_light_up_16f.png[39m[0m
[  56% ] [90m[1mreimport[22m | attack_light_down_contact.png[39m[0m
[  56% ] [90m[1mreimport[22m | attack_light_down_16f.png[39m[0m
[  56% ] [90m[1mreimport[22m | attack_heavy_up_contact.png[39m[0m
[  56% ] [90m[1mreimport[22m | attack_heavy_up_16f.png[39m[0m
[  56% ] [90m[1mreimport[22m | attack_heavy_side_contact.png[39m[0m
[  56% ] [90m[1mreimport[22m | attack_heavy_side_16f.png[39m[0m
[  57% ] [90m[1mreimport[22m | attack_heavy_down_contact.png[39m[0m
[  57% ] [90m[1mreimport[22m | attack_heavy_down_16f.png[39m[0m
[  57% ] [90m[1mreimport[22m | attack_heavy_charge_contact.png[39m[0m
[  57% ] [90m[1mreimport[22m | attack_heavy_charge_16f.png[39m[0m
[  57% ] [90m[1mreimport[22m | attack_dash_light_contact.png[39m[0m
[  57% ] [90m[1mreimport[22m | attack_dash_light_16f.png[39m[0m
[  57% ] [90m[1mreimport[22m | attack_dash_heavy_contact.png[39m[0m
[  57% ] [90m[1mreimport[22m | attack_dash_heavy_16f.png[39m[0m
[  57% ] [90m[1mreimport[22m | attack_air_light_contact.png[39m[0m
[  57% ] [90m[1mreimport[22m | attack_air_light_16f.png[39m[0m
[  57% ] [90m[1mreimport[22m | special_side_16f.png[39m[0m
[  58% ] [90m[1mreimport[22m | special_neutral_contact.png[39m[0m
[  58% ] [90m[1mreimport[22m | special_neutral_16f.png[39m[0m
[  58% ] [90m[1mreimport[22m | special_down_contact.png[39m[0m
[  58% ] [90m[1mreimport[22m | special_down_16f.png[39m[0m
[  58% ] [90m[1mreimport[22m | spawn_contact.png[39m[0m
[  58% ] [90m[1mreimport[22m | spawn_16f.png[39m[0m
[  58% ] [90m[1mreimport[22m | ring_out_contact.png[39m[0m
[  58% ] [90m[1mreimport[22m | ring_out_16f.png[39m[0m
[  58% ] [90m[1mreimport[22m | launch_contact.png[39m[0m
[  58% ] [90m[1mreimport[22m | launch_16f.png[39m[0m
[  58% ] [90m[1mreimport[22m | knock_down_contact.png[39m[0m
[  59% ] [90m[1mreimport[22m | knock_down_16f.png[39m[0m
[  59% ] [90m[1mreimport[22m | hitstun_contact.png[39m[0m
[  59% ] [90m[1mreimport[22m | hitstun_16f.png[39m[0m
[  59% ] [90m[1mreimport[22m | guard_contact.png[39m[0m
[  59% ] [90m[1mreimport[22m | guard_16f.png[39m[0m
[  59% ] [90m[1mreimport[22m | evade_contact.png[39m[0m
[  59% ] [90m[1mreimport[22m | heavy-side-r01.png[39m[0m
[  59% ] [90m[1mreimport[22m | heavy-down-r01.png[39m[0m
[  59% ] [90m[1mreimport[22m | heavy-charge-r02.png[39m[0m
[  59% ] [90m[1mreimport[22m | heavy-charge-r01.png[39m[0m
[  59% ] [90m[1mreimport[22m | guard-r01.png[39m[0m
[  60% ] [90m[1mreimport[22m | evade-r01.png[39m[0m
[  60% ] [90m[1mreimport[22m | death-r01.png[39m[0m
[  60% ] [90m[1mreimport[22m | dash-light-r01.png[39m[0m
[  60% ] [90m[1mreimport[22m | dash-heavy-r01.png[39m[0m
[  60% ] [90m[1mreimport[22m | air-light-r01.png[39m[0m
[  60% ] [90m[1mreimport[22m | air-heavy-r01.png[39m[0m
[  60% ] [90m[1mreimport[22m | wake_up_contact.png[39m[0m
[  60% ] [90m[1mreimport[22m | wake_up_16f.png[39m[0m
[  60% ] [90m[1mreimport[22m | ultimate_contact.png[39m[0m
[  60% ] [90m[1mreimport[22m | ultimate_16f.png[39m[0m
[  60% ] [90m[1mreimport[22m | special_up_contact.png[39m[0m
[  61% ] [90m[1mreimport[22m | special_up_16f.png[39m[0m
[  61% ] [90m[1mreimport[22m | special_side_contact.png[39m[0m
[  61% ] [90m[1mreimport[22m | attack_heavy_side-r01-clean.png[39m[0m
[  61% ] [90m[1mreimport[22m | attack_heavy_down-r01-clean.png[39m[0m
[  61% ] [90m[1mreimport[22m | special_up-r01-clean.png[39m[0m
[  61% ] [90m[1mreimport[22m | special_neutral-r01-clean.png[39m[0m
[  61% ] [90m[1mreimport[22m | batch-03-overview.png[39m[0m
[  61% ] [90m[1mreimport[22m | special_up-r01-clean.png[39m[0m
[  61% ] [90m[1mreimport[22m | special_neutral-r01-clean.png[39m[0m
[  61% ] [90m[1mreimport[22m | batch-02-overview.png[39m[0m
[  61% ] [90m[1mreimport[22m | attack_dash_light-r01-clean.png[39m[0m
[  62% ] [90m[1mreimport[22m | attack_dash_heavy-r01-clean.png[39m[0m
[  62% ] [90m[1mreimport[22m | attack_air_light-r01-clean.png[39m[0m
[  62% ] [90m[1mreimport[22m | attack_air_heavy-r01-clean.png[39m[0m
[  62% ] [90m[1mreimport[22m | attack_dash_light-r01-clean.png[39m[0m
[  62% ] [90m[1mreimport[22m | attack_dash_heavy-r01-clean.png[39m[0m
[  62% ] [90m[1mreimport[22m | attack_air_light-r01-clean.png[39m[0m
[  62% ] [90m[1mreimport[22m | attack_air_heavy-r01-clean.png[39m[0m
[  62% ] [90m[1mreimport[22m | batch-01-overview.png[39m[0m
[  62% ] [90m[1mreimport[22m | attack_dash_light-r01-clean.png[39m[0m
[  62% ] [90m[1mreimport[22m | attack_dash_heavy-r01-clean.png[39m[0m
[  62% ] [90m[1mreimport[22m | attack_air_light-r01-clean.png[39m[0m
[  63% ] [90m[1mreimport[22m | attack_air_heavy-r01-clean.png[39m[0m
[  63% ] [90m[1mreimport[22m | batch-01-overview.png[39m[0m
[  63% ] [90m[1mreimport[22m | attack_light_up-r01-clean.png[39m[0m
[  63% ] [90m[1mreimport[22m | attack_light_down-r01-clean.png[39m[0m
[  63% ] [90m[1mreimport[22m | attack_heavy_up-r01-clean.png[39m[0m
[  63% ] [90m[1mreimport[22m | attack_heavy_side-r01-clean.png[39m[0m
[  63% ] [90m[1mreimport[22m | attack_heavy_down-r01-clean.png[39m[0m
[  63% ] [90m[1mreimport[22m | attack_light_up-r01-checker.png[39m[0m
[  63% ] [90m[1mreimport[22m | attack_light_down-r01-checker.png[39m[0m
[  63% ] [90m[1mreimport[22m | attack_heavy_up-r01-checker.png[39m[0m
[  63% ] [90m[1mreimport[22m | attack_heavy_side-r01-checker.png[39m[0m
[  64% ] [90m[1mreimport[22m | attack_heavy_down-r01-checker.png[39m[0m
[  64% ] [90m[1mreimport[22m | attack_light_up-r01-clean.png[39m[0m
[  64% ] [90m[1mreimport[22m | attack_light_down-r01-clean.png[39m[0m
[  64% ] [90m[1mreimport[22m | attack_heavy_up-r01-clean.png[39m[0m
[  64% ] [90m[1mreimport[22m | attack_light_combo_01-r01-checker.png[39m[0m
[  64% ] [90m[1mreimport[22m | attack_light_combo_01-r01-alpha.png[39m[0m
[  64% ] [90m[1mreimport[22m | attack_light_combo_03-r02-clean.png[39m[0m
[  64% ] [90m[1mreimport[22m | attack_light_combo_03-r02-checker.png[39m[0m
[  64% ] [90m[1mreimport[22m | attack_light_combo_03-r02-alpha.png[39m[0m
[  64% ] [90m[1mreimport[22m | attack_light_combo_02-r02-clean.png[39m[0m
[  64% ] [90m[1mreimport[22m | attack_light_combo_02-r02-checker.png[39m[0m
[  65% ] [90m[1mreimport[22m | attack_light_combo_02-r02-alpha.png[39m[0m
[  65% ] [90m[1mreimport[22m | attack_light_combo_01-r02-clean.png[39m[0m
[  65% ] [90m[1mreimport[22m | attack_light_combo_01-r02-checker.png[39m[0m
[  65% ] [90m[1mreimport[22m | attack_light_combo_01-r02-alpha.png[39m[0m
[  65% ] [90m[1mreimport[22m | attack-combo-03-contact-sheet-r01.png[39m[0m
[  65% ] [90m[1mreimport[22m | attack-combo-02-contact-sheet-r01.png[39m[0m
[  65% ] [90m[1mreimport[22m | attack-combo-01-contact-sheet-r01.png[39m[0m
[  65% ] [90m[1mreimport[22m | app-settings-preview.png[39m[0m
[  65% ] [90m[1mreimport[22m | app-8-team-large-16x9.png[39m[0m
[  65% ] [90m[1mreimport[22m | app-8-solo-dot-20x9.png[39m[0m
[  65% ] [90m[1mreimport[22m | app-2-face-16x9.png[39m[0m
[  66% ] [90m[1mreimport[22m | attack_light_up-r01-clean.png[39m[0m
[  66% ] [90m[1mreimport[22m | attack_light_down-r01-clean.png[39m[0m
[  66% ] [90m[1mreimport[22m | attack_heavy_up-r01-clean.png[39m[0m
[  66% ] [90m[1mreimport[22m | attack_heavy_side-r01-clean.png[39m[0m
[  66% ] [90m[1mreimport[22m | attack_heavy_down-r01-clean.png[39m[0m
[  66% ] [90m[1mreimport[22m | attack_light_up-r01-clean.png[39m[0m
[  66% ] [90m[1mreimport[22m | attack_light_down-r01-clean.png[39m[0m
[  66% ] [90m[1mreimport[22m | attack_heavy_up-r01-clean.png[39m[0m
[  66% ] [90m[1mreimport[22m | attack_heavy_side-r01-clean.png[39m[0m
[  66% ] [90m[1mreimport[22m | attack_heavy_down-r01-clean.png[39m[0m
[  67% ] [90m[1mreimport[22m | attack_light_combo_02-r01-alpha.png[39m[0m
[  67% ] [90m[1mreimport[22m | attack_light_combo_01-r01-alpha.png[39m[0m
[  67% ] [90m[1mreimport[22m | attack_light_combo_04-r01-checker.png[39m[0m
[  67% ] [90m[1mreimport[22m | attack_light_combo_04-r01-alpha.png[39m[0m
[  67% ] [90m[1mreimport[22m | attack_light_combo_03-r01-checker.png[39m[0m
[  67% ] [90m[1mreimport[22m | attack_light_combo_03-r01-alpha.png[39m[0m
[  67% ] [90m[1mreimport[22m | attack_light_combo_02-r01-checker.png[39m[0m
[  67% ] [90m[1mreimport[22m | attack_light_combo_02-r01-alpha.png[39m[0m
[  67% ] [90m[1mreimport[22m | CMP20_SCR_13_CharacterSelect.png[39m[0m
[  67% ] [90m[1mreimport[22m | CMP20_SCR_03_Lobby.png[39m[0m
[  67% ] [90m[1mreimport[22m | CMP20_CBT_03_Match_Team4v4.png[39m[0m
[  68% ] [90m[1mreimport[22m | CBT_08_Settings.png[39m[0m
[  68% ] [90m[1mreimport[22m | CBT_07_LeaveConfirm.png[39m[0m
[  68% ] [90m[1mreimport[22m | CBT_06_Resume.png[39m[0m
[  68% ] [90m[1mreimport[22m | CBT_05_Pause.png[39m[0m
[  68% ] [90m[1mreimport[22m | CBT_04_Practice.png[39m[0m
[  68% ] [90m[1mreimport[22m | CBT_03_Match_Team4v4.png[39m[0m
[  68% ] [90m[1mreimport[22m | CBT_02_Match_Solo8.png[39m[0m
[  68% ] [90m[1mreimport[22m | CBT_01_Match_1v1.png[39m[0m
[  68% ] [90m[1mreimport[22m | nabi-run-r02-checker.png[39m[0m
[  68% ] [90m[1mreimport[22m | nabi-run-r02-alpha.png[39m[0m
[  68% ] [90m[1mreimport[22m | nabi-jump-r02-checker.png[39m[0m
[  69% ] [90m[1mreimport[22m | nabi-jump-r02-alpha.png[39m[0m
[  69% ] [90m[1mreimport[22m | nabi-idle-r02-checker.png[39m[0m
[  69% ] [90m[1mreimport[22m | nabi-idle-r02-alpha.png[39m[0m
[  69% ] [90m[1mreimport[22m | idle_16f-preview.png[39m[0m
[  69% ] [90m[1mreimport[22m | SCR_03_Lobby.png[39m[0m
[  69% ] [90m[1mreimport[22m | SCR_02_Login.png[39m[0m
[  69% ] [90m[1mreimport[22m | SCR_01_Splash.png[39m[0m
[  69% ] [90m[1mreimport[22m | review-09.jpg[39m[0m
[  69% ] [90m[1mreimport[22m | review-08.jpg[39m[0m
[  69% ] [90m[1mreimport[22m | review-07.jpg[39m[0m
[  69% ] [90m[1mreimport[22m | review-06.jpg[39m[0m
[  70% ] [90m[1mreimport[22m | review-05.jpg[39m[0m
[  70% ] [90m[1mreimport[22m | review-04.jpg[39m[0m
[  70% ] [90m[1mreimport[22m | review-03.jpg[39m[0m
[  70% ] [90m[1mreimport[22m | review-02.jpg[39m[0m
[  70% ] [90m[1mreimport[22m | review-01.jpg[39m[0m
[  70% ] [90m[1mreimport[22m | EXT_06_GeneralSettings.png[39m[0m
[  70% ] [90m[1mreimport[22m | EXT_05_PracticeSetup.png[39m[0m
[  70% ] [90m[1mreimport[22m | EXT_04_AISetup.png[39m[0m
[  70% ] [90m[1mreimport[22m | EXT_03_StoryChapters.png[39m[0m
[  70% ] [90m[1mreimport[22m | EXT_02_ArenaSelect.png[39m[0m
[  70% ] [90m[1mreimport[22m | EXT_01_JobSelect.png[39m[0m
[  71% ] [90m[1mreimport[22m | nabi-concept-v02-cat-human.png[39m[0m
[  71% ] [90m[1mreimport[22m | nabi-concept-v01.png[39m[0m
[  71% ] [90m[1mreimport[22m | special_up-r01-clean.png[39m[0m
[  71% ] [90m[1mreimport[22m | special_neutral-r01-clean.png[39m[0m
[  71% ] [90m[1mreimport[22m | batch-03-overview.png[39m[0m
[  71% ] [90m[1mreimport[22m | special_up-r01-checker.png[39m[0m
[  71% ] [90m[1mreimport[22m | special_neutral-r01-checker.png[39m[0m
[  71% ] [90m[1mreimport[22m | special_up-r01-clean-128.png[39m[0m
[  71% ] [90m[1mreimport[22m | special_neutral-r01-clean-128.png[39m[0m
[  71% ] [90m[1mreimport[22m | batch-02-overview.png[39m[0m
[  71% ] [90m[1mreimport[22m | attack_dash_light-r01-clean.png[39m[0m
[  72% ] [90m[1mreimport[22m | attack_dash_heavy-r01-clean.png[39m[0m
[  72% ] [90m[1mreimport[22m | attack_air_light-r01-clean.png[39m[0m
[  72% ] [90m[1mreimport[22m | attack_air_heavy-r01-clean.png[39m[0m
[  72% ] [90m[1mreimport[22m | attack_dash_light-r01-checker.png[39m[0m
[  72% ] [90m[1mreimport[22m | attack_dash_heavy-r01-checker.png[39m[0m
[  72% ] [90m[1mreimport[22m | attack_air_light-r01-checker.png[39m[0m
[  72% ] [90m[1mreimport[22m | attack_air_heavy-r01-checker.png[39m[0m
[  72% ] [90m[1mreimport[22m | idle_16f-alpha80-preview.png[39m[0m
[  72% ] [90m[1mreimport[22m | idle_16f-alpha50-preview.png[39m[0m
[  72% ] [90m[1mreimport[22m | run-contact-sheet.png[39m[0m
[  72% ] [90m[1mreimport[22m | jump-contact-sheet.png[39m[0m
[  73% ] [90m[1mreimport[22m | jump-contact-sheet-r02-stationary.png[39m[0m
[  73% ] [90m[1mreimport[22m | idle-contact-sheet.png[39m[0m
[  73% ] [90m[1mreimport[22m | jump-contact-sheet-r03-stationary.png[39m[0m
[  73% ] [90m[1mreimport[22m | jump-contact-sheet-r02.png[39m[0m
[  73% ] [90m[1mreimport[22m | run-contact-sheet.png[39m[0m
[  73% ] [90m[1mreimport[22m | jump-contact-sheet.png[39m[0m
[  73% ] [90m[1mreimport[22m | jump-contact-sheet-r02-stationary.png[39m[0m
[  73% ] [90m[1mreimport[22m | idle-contact-sheet.png[39m[0m
[  73% ] [90m[1mreimport[22m | nabi-concept-v05-candidate.png[39m[0m
[  73% ] [90m[1mreimport[22m | nabi-concept-v05-candidate-alpha.png[39m[0m
[  73% ] [90m[1mreimport[22m | nabi-concept-v05-final-candidate.png[39m[0m
[  74% ] [90m[1mreimport[22m | nabi-concept-v04-chibi-attack.png[39m[0m
[  74% ] [90m[1mreimport[22m | nabi-concept-v03-project-style.png[39m[0m
[  74% ] [90m[1mreimport[22m | nabi-concept-v02-human-form.png[39m[0m
[  74% ] [90m[1mreimport[22m | attack_heavy_charge_16f.png[39m[0m
[  74% ] [90m[1mreimport[22m | attack_heavy_charge_contact.png[39m[0m
[  74% ] [90m[1mreimport[22m | attack_heavy_down_16f.png[39m[0m
[  74% ] [90m[1mreimport[22m | attack_heavy_down_contact.png[39m[0m
[  74% ] [90m[1mreimport[22m | attack_heavy_side_16f.png[39m[0m
[  74% ] [90m[1mreimport[22m | attack_heavy_side_contact.png[39m[0m
[  74% ] [90m[1mreimport[22m | attack_heavy_up_16f.png[39m[0m
[  74% ] [90m[1mreimport[22m | attack_heavy_up_contact.png[39m[0m
[  75% ] [90m[1mreimport[22m | attack_light_combo_01_16f.png[39m[0m
[  75% ] [90m[1mreimport[22m | attack_light_combo_01_contact.png[39m[0m
[  75% ] [90m[1mreimport[22m | attack_light_combo_02_16f.png[39m[0m
[  75% ] [90m[1mreimport[22m | attack_light_combo_02_contact.png[39m[0m
[  75% ] [90m[1mreimport[22m | attack_light_combo_03_16f.png[39m[0m
[  75% ] [90m[1mreimport[22m | attack_light_combo_03_contact.png[39m[0m
[  75% ] [90m[1mreimport[22m | attack_light_down_16f.png[39m[0m
[  75% ] [90m[1mreimport[22m | attack_light_down_contact.png[39m[0m
[  75% ] [90m[1mreimport[22m | attack_light_up_16f.png[39m[0m
[  75% ] [90m[1mreimport[22m | attack_light_up_contact.png[39m[0m
[  75% ] [90m[1mreimport[22m | death_16f.png[39m[0m
[  76% ] [90m[1mreimport[22m | death_contact.png[39m[0m
[  76% ] [90m[1mreimport[22m | evade_16f.png[39m[0m
[  76% ] [90m[1mreimport[22m | evade_contact.png[39m[0m
[  76% ] [90m[1mreimport[22m | guard_16f.png[39m[0m
[  76% ] [90m[1mreimport[22m | guard_contact.png[39m[0m
[  76% ] [90m[1mreimport[22m | hitstun_16f.png[39m[0m
[  76% ] [90m[1mreimport[22m | hitstun_contact.png[39m[0m
[  76% ] [90m[1mreimport[22m | knock_down_16f.png[39m[0m
[  76% ] [90m[1mreimport[22m | knock_down_contact.png[39m[0m
[  76% ] [90m[1mreimport[22m | launch_16f.png[39m[0m
[  76% ] [90m[1mreimport[22m | launch_contact.png[39m[0m
[  77% ] [90m[1mreimport[22m | ring_out_16f.png[39m[0m
[  77% ] [90m[1mreimport[22m | ring_out_contact.png[39m[0m
[  77% ] [90m[1mreimport[22m | guard-r01.png[39m[0m
[  77% ] [90m[1mreimport[22m | heavy-charge-r01.png[39m[0m
[  77% ] [90m[1mreimport[22m | heavy-down-r02.png[39m[0m
[  77% ] [90m[1mreimport[22m | heavy-side-r01.png[39m[0m
[  77% ] [90m[1mreimport[22m | heavy-up-r02.png[39m[0m
[  77% ] [90m[1mreimport[22m | hitstun-r01.png[39m[0m
[  77% ] [90m[1mreimport[22m | knock-down-r01.png[39m[0m
[  77% ] [90m[1mreimport[22m | launch-r01.png[39m[0m
[  77% ] [90m[1mreimport[22m | light01-alpha-r01-rejected.png[39m[0m
[  78% ] [90m[1mreimport[22m | light01-r01.png[39m[0m
[  78% ] [90m[1mreimport[22m | light01-r02.png[39m[0m
[  78% ] [90m[1mreimport[22m | light01-r03.png[39m[0m
[  78% ] [90m[1mreimport[22m | light01-r04.png[39m[0m
[  78% ] [90m[1mreimport[22m | light02-r01.png[39m[0m
[  78% ] [90m[1mreimport[22m | light-down-r02.png[39m[0m
[  78% ] [90m[1mreimport[22m | light-up-r01.png[39m[0m
[  78% ] [90m[1mreimport[22m | ring-out-r01.png[39m[0m
[  78% ] [90m[1mreimport[22m | spawn-r01.png[39m[0m
[  78% ] [90m[1mreimport[22m | special-down-r02.png[39m[0m
[  78% ] [90m[1mreimport[22m | special-neutral-r02.png[39m[0m
[  79% ] [90m[1mreimport[22m | special-side-r02.png[39m[0m
[  79% ] [90m[1mreimport[22m | special-up-r02.png[39m[0m
[  79% ] [90m[1mreimport[22m | ultimate-r03.png[39m[0m
[  79% ] [90m[1mreimport[22m | wake-up-r01.png[39m[0m
[  79% ] [90m[1mreimport[22m | attack_air_heavy_16f.png[39m[0m
[  79% ] [90m[1mreimport[22m | attack_air_heavy_contact.png[39m[0m
[  79% ] [90m[1mreimport[22m | attack_air_light_16f.png[39m[0m
[  79% ] [90m[1mreimport[22m | attack_air_light_contact.png[39m[0m
[  79% ] [90m[1mreimport[22m | attack_dash_heavy_16f.png[39m[0m
[  79% ] [90m[1mreimport[22m | attack_dash_heavy_contact.png[39m[0m
[  79% ] [90m[1mreimport[22m | attack_dash_light_16f.png[39m[0m
[  80% ] [90m[1mreimport[22m | attack_dash_light_contact.png[39m[0m
[  80% ] [90m[1mreimport[22m | knock-down-r01.png[39m[0m
[  80% ] [90m[1mreimport[22m | launch-r01.png[39m[0m
[  80% ] [90m[1mreimport[22m | light01-r01.png[39m[0m
[  80% ] [90m[1mreimport[22m | light01-r02.png[39m[0m
[  80% ] [90m[1mreimport[22m | light02-r01.png[39m[0m
[  80% ] [90m[1mreimport[22m | light02-r02.png[39m[0m
[  80% ] [90m[1mreimport[22m | light03-r01.png[39m[0m
[  80% ] [90m[1mreimport[22m | light03-r02.png[39m[0m
[  80% ] [90m[1mreimport[22m | light03-r03.png[39m[0m
[  80% ] [90m[1mreimport[22m | light-down-r01.png[39m[0m
[  81% ] [90m[1mreimport[22m | light-up-r01.png[39m[0m
[  81% ] [90m[1mreimport[22m | light-up-r02.png[39m[0m
[  81% ] [90m[1mreimport[22m | ring-out-r01.png[39m[0m
[  81% ] [90m[1mreimport[22m | spawn-r01.png[39m[0m
[  81% ] [90m[1mreimport[22m | special-down-r01.png[39m[0m
[  81% ] [90m[1mreimport[22m | special-neutral-r01.png[39m[0m
[  81% ] [90m[1mreimport[22m | special-side-r01.png[39m[0m
[  81% ] [90m[1mreimport[22m | special-up-r01.png[39m[0m
[  81% ] [90m[1mreimport[22m | special-up-r02.png[39m[0m
[  81% ] [90m[1mreimport[22m | ultimate-r01.png[39m[0m
[  81% ] [90m[1mreimport[22m | wake-up-r01.png[39m[0m
[  82% ] [90m[1mreimport[22m | android-emulator-2400x1080.png[39m[0m
[  82% ] [90m[1mreimport[22m | idle-r01.png[39m[0m
[  82% ] [90m[1mreimport[22m | idle-r02-alpha.png[39m[0m
[  82% ] [90m[1mreimport[22m | jump-r01.png[39m[0m
[  82% ] [90m[1mreimport[22m | jump-r02-alpha.png[39m[0m
[  82% ] [90m[1mreimport[22m | run-r01.png[39m[0m
[  82% ] [90m[1mreimport[22m | run-r02-alpha.png[39m[0m
[  82% ] [90m[1mreimport[22m | run-r03-alpha.png[39m[0m
[  82% ] [90m[1mreimport[22m | run-r04-alpha-local.png[39m[0m
[  82% ] [90m[1mreimport[22m | attack_air_heavy_16f.png[39m[0m
[  82% ] [90m[1mreimport[22m | attack_air_light_16f.png[39m[0m
[  83% ] [90m[1mreimport[22m | spawn_16f.png[39m[0m
[  83% ] [90m[1mreimport[22m | spawn_contact.png[39m[0m
[  83% ] [90m[1mreimport[22m | special_down_16f.png[39m[0m
[  83% ] [90m[1mreimport[22m | special_down_contact.png[39m[0m
[  83% ] [90m[1mreimport[22m | special_neutral_16f.png[39m[0m
[  83% ] [90m[1mreimport[22m | special_neutral_contact.png[39m[0m
[  83% ] [90m[1mreimport[22m | special_side_16f.png[39m[0m
[  83% ] [90m[1mreimport[22m | special_side_contact.png[39m[0m
[  83% ] [90m[1mreimport[22m | special_up_16f.png[39m[0m
[  83% ] [90m[1mreimport[22m | special_up_contact.png[39m[0m
[  83% ] [90m[1mreimport[22m | ultimate_16f.png[39m[0m
[  84% ] [90m[1mreimport[22m | ultimate_contact.png[39m[0m
[  84% ] [90m[1mreimport[22m | wake_up_16f.png[39m[0m
[  84% ] [90m[1mreimport[22m | wake_up_contact.png[39m[0m
[  84% ] [90m[1mreimport[22m | air-heavy-r01.png[39m[0m
[  84% ] [90m[1mreimport[22m | air-heavy-r02.png[39m[0m
[  84% ] [90m[1mreimport[22m | air-light-r01.png[39m[0m
[  84% ] [90m[1mreimport[22m | attack-heavy-charge-r01.png[39m[0m
[  84% ] [90m[1mreimport[22m | dash-heavy-r01.png[39m[0m
[  84% ] [90m[1mreimport[22m | dash-heavy-r02.png[39m[0m
[  84% ] [90m[1mreimport[22m | dash-light-r01.png[39m[0m
[  84% ] [90m[1mreimport[22m | death-r01.png[39m[0m
[  85% ] [90m[1mreimport[22m | evade-r01.png[39m[0m
[  85% ] [90m[1mreimport[22m | evade-r02.png[39m[0m
[  85% ] [90m[1mreimport[22m | guard-r01.png[39m[0m
[  85% ] [90m[1mreimport[22m | guard-r02.png[39m[0m
[  85% ] [90m[1mreimport[22m | heavy-down-r01.png[39m[0m
[  85% ] [90m[1mreimport[22m | heavy-side-r01.png[39m[0m
[  85% ] [90m[1mreimport[22m | heavy-side-r02.png[39m[0m
[  85% ] [90m[1mreimport[22m | heavy-up-r01.png[39m[0m
[  85% ] [90m[1mreimport[22m | heavy-up-r02.png[39m[0m
[  85% ] [90m[1mreimport[22m | hitstun-r01.png[39m[0m
[  85% ] [90m[1mreimport[22m | attack_dash_heavy_16f.png[39m[0m
[  86% ] [90m[1mreimport[22m | attack_air_light_contact.png[39m[0m
[  86% ] [90m[1mreimport[22m | attack_air_light_16f.png[39m[0m
[  86% ] [90m[1mreimport[22m | attack_air_heavy_contact.png[39m[0m
[  86% ] [90m[1mreimport[22m | attack_air_heavy_16f.png[39m[0m
[  86% ] [90m[1mreimport[22m | wake-up-r01.png[39m[0m
[  86% ] [90m[1mreimport[22m | ultimate-r02.png[39m[0m
[  86% ] [90m[1mreimport[22m | ultimate-r01-rejected-background.png[39m[0m
[  86% ] [90m[1mreimport[22m | special-up-r01.png[39m[0m
[  86% ] [90m[1mreimport[22m | special-side-r01.png[39m[0m
[  86% ] [90m[1mreimport[22m | special-neutral-r01.png[39m[0m
[  86% ] [90m[1mreimport[22m | special-down-r01.png[39m[0m
[  87% ] [90m[1mreimport[22m | spawn-r01.png[39m[0m
[  87% ] [90m[1mreimport[22m | ring-out-r01.png[39m[0m
[  87% ] [90m[1mreimport[22m | light-up-r01.png[39m[0m
[  87% ] [90m[1mreimport[22m | light-down-r01.png[39m[0m
[  87% ] [90m[1mreimport[22m | launch-r01.png[39m[0m
[  87% ] [90m[1mreimport[22m | knock-down-r01.png[39m[0m
[  87% ] [90m[1mreimport[22m | hitstun-r01.png[39m[0m
[  87% ] [90m[1mreimport[22m | death_16f.png[39m[0m
[  87% ] [90m[1mreimport[22m | attack_light_up_contact.png[39m[0m
[  87% ] [90m[1mreimport[22m | attack_light_up_16f.png[39m[0m
[  87% ] [90m[1mreimport[22m | attack_light_down_contact.png[39m[0m
[  88% ] [90m[1mreimport[22m | attack_light_down_16f.png[39m[0m
[  88% ] [90m[1mreimport[22m | attack_light_combo_02_contact.png[39m[0m
[  88% ] [90m[1mreimport[22m | attack_light_combo_02_16f.png[39m[0m
[  88% ] [90m[1mreimport[22m | attack_light_combo_01_contact.png[39m[0m
[  88% ] [90m[1mreimport[22m | attack_light_combo_01_16f.png[39m[0m
[  88% ] [90m[1mreimport[22m | attack_heavy_up_contact.png[39m[0m
[  88% ] [90m[1mreimport[22m | attack_heavy_up_16f.png[39m[0m
[  88% ] [90m[1mreimport[22m | attack_heavy_side_contact.png[39m[0m
[  88% ] [90m[1mreimport[22m | attack_heavy_side_16f.png[39m[0m
[  88% ] [90m[1mreimport[22m | attack_heavy_down_contact.png[39m[0m
[  88% ] [90m[1mreimport[22m | attack_heavy_down_16f.png[39m[0m
[  89% ] [90m[1mreimport[22m | attack_heavy_charge_contact.png[39m[0m
[  89% ] [90m[1mreimport[22m | attack_heavy_charge_16f.png[39m[0m
[  89% ] [90m[1mreimport[22m | attack_dash_light_contact.png[39m[0m
[  89% ] [90m[1mreimport[22m | attack_dash_light_16f.png[39m[0m
[  89% ] [90m[1mreimport[22m | attack_dash_heavy_contact.png[39m[0m
[  89% ] [90m[1mreimport[22m | special_neutral_16f.png[39m[0m
[  89% ] [90m[1mreimport[22m | special_down_contact.png[39m[0m
[  89% ] [90m[1mreimport[22m | special_down_16f.png[39m[0m
[  89% ] [90m[1mreimport[22m | spawn_contact.png[39m[0m
[  89% ] [90m[1mreimport[22m | spawn_16f.png[39m[0m
[  89% ] [90m[1mreimport[22m | ring_out_contact.png[39m[0m
[  90% ] [90m[1mreimport[22m | ring_out_16f.png[39m[0m
[  90% ] [90m[1mreimport[22m | launch_contact.png[39m[0m
[  90% ] [90m[1mreimport[22m | launch_16f.png[39m[0m
[  90% ] [90m[1mreimport[22m | knock_down_contact.png[39m[0m
[  90% ] [90m[1mreimport[22m | knock_down_16f.png[39m[0m
[  90% ] [90m[1mreimport[22m | hitstun_contact.png[39m[0m
[  90% ] [90m[1mreimport[22m | hitstun_16f.png[39m[0m
[  90% ] [90m[1mreimport[22m | guard_contact.png[39m[0m
[  90% ] [90m[1mreimport[22m | guard_16f.png[39m[0m
[  90% ] [90m[1mreimport[22m | evade_contact.png[39m[0m
[  90% ] [90m[1mreimport[22m | evade_16f.png[39m[0m
[  91% ] [90m[1mreimport[22m | death_contact.png[39m[0m
[  91% ] [90m[1mreimport[22m | death_16f.png[39m[0m
[  91% ] [90m[1mreimport[22m | heavy-up-r01.png[39m[0m
[  91% ] [90m[1mreimport[22m | heavy-side-r01.png[39m[0m
[  91% ] [90m[1mreimport[22m | heavy-down-r01.png[39m[0m
[  91% ] [90m[1mreimport[22m | heavy-charge-r01.png[39m[0m
[  91% ] [90m[1mreimport[22m | guard-r01.png[39m[0m
[  91% ] [90m[1mreimport[22m | evade-r01.png[39m[0m
[  91% ] [90m[1mreimport[22m | death-r01.png[39m[0m
[  91% ] [90m[1mreimport[22m | dash-light-r01.png[39m[0m
[  91% ] [90m[1mreimport[22m | dash-heavy-r01.png[39m[0m
[  92% ] [90m[1mreimport[22m | air-light-r01.png[39m[0m
[  92% ] [90m[1mreimport[22m | air-heavy-r01.png[39m[0m
[  92% ] [90m[1mreimport[22m | wake_up_contact.png[39m[0m
[  92% ] [90m[1mreimport[22m | wake_up_16f.png[39m[0m
[  92% ] [90m[1mreimport[22m | ultimate_contact.png[39m[0m
[  92% ] [90m[1mreimport[22m | ultimate_16f.png[39m[0m
[  92% ] [90m[1mreimport[22m | special_up_contact.png[39m[0m
[  92% ] [90m[1mreimport[22m | special_up_16f.png[39m[0m
[  92% ] [90m[1mreimport[22m | special_side_contact.png[39m[0m
[  92% ] [90m[1mreimport[22m | special_side_16f.png[39m[0m
[  92% ] [90m[1mreimport[22m | special_neutral_contact.png[39m[0m
[  93% ] [90m[1mreimport[22m | special_neutral_16f.png[39m[0m
[  93% ] [90m[1mreimport[22m | special_neutral_contact.png[39m[0m
[  93% ] [90m[1mreimport[22m | special_side_16f.png[39m[0m
[  93% ] [90m[1mreimport[22m | special_side_contact.png[39m[0m
[  93% ] [90m[1mreimport[22m | special_up_16f.png[39m[0m
[  93% ] [90m[1mreimport[22m | special_up_contact.png[39m[0m
[  93% ] [90m[1mreimport[22m | ultimate_16f.png[39m[0m
[  93% ] [90m[1mreimport[22m | ultimate_contact.png[39m[0m
[  93% ] [90m[1mreimport[22m | wake_up_16f.png[39m[0m
[  93% ] [90m[1mreimport[22m | wake_up_contact.png[39m[0m
[  93% ] [90m[1mreimport[22m | air-heavy-r01.png[39m[0m
[  94% ] [90m[1mreimport[22m | air-light-r01.png[39m[0m
[  94% ] [90m[1mreimport[22m | dash-heavy-r02.png[39m[0m
[  94% ] [90m[1mreimport[22m | dash-light-r02.png[39m[0m
[  94% ] [90m[1mreimport[22m | death-r01.png[39m[0m
[  94% ] [90m[1mreimport[22m | evade-r01-rejected-background.png[39m[0m
[  94% ] [90m[1mreimport[22m | evade-r02.png[39m[0m
[  94% ] [90m[1mreimport[22m | death_contact.png[39m[0m
[  94% ] [90m[1mreimport[22m | evade_16f.png[39m[0m
[  94% ] [90m[1mreimport[22m | evade_contact.png[39m[0m
[  94% ] [90m[1mreimport[22m | guard_16f.png[39m[0m
[  94% ] [90m[1mreimport[22m | guard_contact.png[39m[0m
[  95% ] [90m[1mreimport[22m | hitstun_16f.png[39m[0m
[  95% ] [90m[1mreimport[22m | hitstun_contact.png[39m[0m
[  95% ] [90m[1mreimport[22m | knock_down_16f.png[39m[0m
[  95% ] [90m[1mreimport[22m | knock_down_contact.png[39m[0m
[  95% ] [90m[1mreimport[22m | launch_16f.png[39m[0m
[  95% ] [90m[1mreimport[22m | launch_contact.png[39m[0m
[  95% ] [90m[1mreimport[22m | ring_out_16f.png[39m[0m
[  95% ] [90m[1mreimport[22m | ring_out_contact.png[39m[0m
[  95% ] [90m[1mreimport[22m | touch-layout.csv[39m[0m
[  95% ] [90m[1mreimport[22m | image-mapping.csv[39m[0m
[  95% ] [90m[1mreimport[22m | lobby.ogg[39m[0m
[  96% ] [90m[1mreimport[22m | battle.ogg[39m[0m
[  96% ] [90m[1mreimport[22m | progress_blue.png[39m[0m
[  96% ] [90m[1mreimport[22m | matchmaking_progress.png[39m[0m
[  96% ] [90m[1mreimport[22m | loading_progress.png[39m[0m
[  96% ] [90m[1mreimport[22m | collection_progress.png[39m[0m
[  96% ] [90m[1mreimport[22m | selected_tag_bg.png[39m[0m
[  96% ] [90m[1mreimport[22m | online_badge.png[39m[0m
[  96% ] [90m[1mreimport[22m | notification_badge.png[39m[0m
[  96% ] [90m[1mreimport[22m | new_tag_bg.png[39m[0m
[  96% ] [90m[1mreimport[22m | locked_tag_bg.png[39m[0m
[  96% ] [90m[1mreimport[22m | currency_ticket_bg.png[39m[0m
[  97% ] [90m[1mreimport[22m | currency_gem_bg.png[39m[0m
[  97% ] [90m[1mreimport[22m | currency_coin_bg.png[39m[0m
[  97% ] [90m[1mreimport[22m | count_badge.png[39m[0m
[  97% ] [90m[1mreimport[22m | rank_silver.png[39m[0m
[  97% ] [90m[1mreimport[22m | progress_green.png[39m[0m
[  97% ] [90m[1mreimport[22m | rank_progress.png[39m[0m
[  97% ] [90m[1mreimport[22m | xp_progress.png[39m[0m
[  97% ] [90m[1mreimport[22m | btn_danger_m_default.png[39m[0m
[  97% ] [90m[1mreimport[22m | btn_danger_m_disabled.png[39m[0m
[  97% ] [90m[1mreimport[22m | btn_danger_m_pressed.png[39m[0m
[  97% ] [90m[1mreimport[22m | btn_danger_s_default.png[39m[0m
[  98% ] [90m[1mreimport[22m | btn_danger_s_disabled.png[39m[0m
[  98% ] [90m[1mreimport[22m | btn_danger_s_pressed.png[39m[0m
[  98% ] [90m[1mreimport[22m | btn_ghost_l_default.png[39m[0m
[  98% ] [90m[1mreimport[22m | btn_ghost_l_pressed.png[39m[0m
[  98% ] [90m[1mreimport[22m | btn_ghost_m_default.png[39m[0m
[  98% ] [90m[1mreimport[22m | btn_ghost_m_pressed.png[39m[0m
[  98% ] [90m[1mreimport[22m | btn_ghost_s_default.png[39m[0m
[  98% ] [90m[1mreimport[22m | btn_ghost_s_pressed.png[39m[0m
[  98% ] [90m[1mreimport[22m | btn_primary_l_default.png[39m[0m
[  98% ] [90m[1mreimport[22m | acc_thorn_guard.png[39m[0m
[  98% ] [90m[1mreimport[22m | acc_vine_blade.png[39m[0m
[  99% ] [90m[1mreimport[22m | acc_wind_gauntlet.png[39m[0m
[  99% ] [90m[1mreimport[22m | logo_forest_arena.png[39m[0m
[  99% ] [90m[1mreimport[22m | logo_forest_arena_small.png[39m[0m
[  99% ] [90m[1mreimport[22m | char_mouse_bust.png[39m[0m
[  99% ] [90m[1mreimport[22m | char_mouse_face.png[39m[0m
[  99% ] [90m[1mreimport[22m | char_mouse_full.png[39m[0m
[  99% ] [90m[1mreimport[22m | char_rabbit_bust.png[39m[0m
[  99% ] [90m[1mreimport[22m | char_rabbit_face.png[39m[0m
[  99% ] [90m[1mreimport[22m | char_rabbit_full.png[39m[0m
[  99% ] [90m[1mreimport[22m | 애셋 가져오기 마무리 중...[39m[0m
[92m[ DONE ][39m [1mreimport[22m
[0m
[   0% ] [90m[1mreimport[22m | Started 애셋 (다시) 가져오는 중 (1096 steps)[39m[0m
[   0% ] [90m[1mreimport[22m | 다시 가져오기 후 작업을 수행 중...[39m[0m
[92m[ DONE ][39m [1mreimport[22m
[0m
[   0% ] [90m[1mloading_editor_layout[22m | Started 편집기를 불러오는 중 (5 steps)[39m[0m
[   0% ] [90m[1mloading_editor_layout[22m | 편집기 레이아웃을 불러오는 중...[39m[0m
[  16% ] [90m[1mloading_editor_layout[22m | 독을 불러오는 중...[39m[0m
[92m[ DONE ][39m [1mloading_editor_layout[22m
[0m
Godot Engine v4.7.1.stable.official.a13da4feb - https://godotengine.org

FOREST_ARENA_TOUCH action=jump edge=press pointer=10
FOREST_ARENA_TOUCH action=jump edge=press pointer=11
FOREST_ARENA_TOUCH action=move_right edge=press pointer=12
FOREST_ARENA_TOUCH action=jump edge=release pointer=10
FOREST_ARENA_TOUCH action=jump edge=release pointer=11
FOREST_ARENA_TOUCH action=move_right edge=release pointer=12
PHASE0_SMOKE: PASS
Godot Engine v4.7.1.stable.official.a13da4feb - https://godotengine.org

PHASE1_COMBAT_CONTRACT: PASS
Godot Engine v4.7.1.stable.official.a13da4feb - https://godotengine.org

PHASE1_COMBAT_BEHAVIOR: PASS
WARNING: 23 ObjectDB instances were leaked at exit (run with `--verbose` for details).
   at: cleanup (core/object/object.cpp:2536)
ERROR: 9 resources still in use at exit (run with --verbose for details).
   at: clear (core/io/resource.cpp:822)
Godot Engine v4.7.1.stable.official.a13da4feb - https://godotengine.org

PHASE1_MATCH_RULES: PASS
WARNING: 10 ObjectDB instances were leaked at exit (run with `--verbose` for details).
   at: cleanup (core/object/object.cpp:2536)
ERROR: 4 resources still in use at exit (run with --verbose for details).
   at: clear (core/io/resource.cpp:822)
Godot Engine v4.7.1.stable.official.a13da4feb - https://godotengine.org

PHASE1_DETERMINISM: PASS d1f6e90e59947da9709b27715f586d2151265bd5bb246279422573b0a9b5e90c
Godot Engine v4.7.1.stable.official.a13da4feb - https://godotengine.org

COMBAT_FEEL_STAGE_V2: PASS
Godot Engine v4.7.1.stable.official.a13da4feb - https://godotengine.org

FOREST_ARENA_TOUCH action=move_up edge=press pointer=21
FOREST_ARENA_TOUCH action=dash edge=press pointer=22
FOREST_ARENA_TOUCH action=move_up edge=release pointer=21
FOREST_ARENA_TOUCH action=dash edge=release pointer=22
FOREST_ARENA_TOUCH action=move_left edge=press pointer=20
FOREST_ARENA_TOUCH action=move_left edge=release pointer=20
FOREST_ARENA_TOUCH action=move_right edge=press pointer=20
FOREST_ARENA_TOUCH action=move_right edge=release pointer=20
PHASE1_INPUT_UI: PASS
Godot Engine v4.7.1.stable.official.a13da4feb - https://godotengine.org

Phase 2 loadout contract passed.
Godot Engine v4.7.1.stable.official.a13da4feb - https://godotengine.org

Phase 2 runtime wiring passed.
Godot Engine v4.7.1.stable.official.a13da4feb - https://godotengine.org

PHASE3_STYLE_COMPARISON: PASS
Godot Engine v4.7.1.stable.official.a13da4feb - https://godotengine.org

PHASE3_STYLE_PLAYTEST_ENTRY: PASS
Godot Engine v4.7.1.stable.official.a13da4feb - https://godotengine.org

PHASE4_ACCESSORY_VALIDATION: PASS
Godot Engine v4.7.1.stable.official.a13da4feb - https://godotengine.org

PHASE5_JOB_INHERITANCE: PASS
Godot Engine v4.7.1.stable.official.a13da4feb - https://godotengine.org

PHASE6_LOCAL_MODE_CONTRACT: PASS
Godot Engine v4.7.1.stable.official.a13da4feb - https://godotengine.org

PHASE6_MULTIFIGHTER_MATCH: PASS
WARNING: 2 ObjectDB instances were leaked at exit (run with `--verbose` for details).
   at: cleanup (core/object/object.cpp:2536)
ERROR: 1 resources still in use at exit (run with --verbose for details).
   at: clear (core/io/resource.cpp:822)
lobby: 80.00s stereo, peak=0.707 RMS=0.143, seam=0.01410
battle: 90.00s stereo, peak=0.660 RMS=0.113, seam=0.01886
PASS: 47 audio assets; names, hashes, masters, preview, formats, durations, silence, clipping, DC, SFX fades and BGM decoded loop boundaries.
Not measured: perceived timbre/mix, human listening, Android output/lifecycle.
Godot Engine v4.7.1.stable.official.a13da4feb - https://godotengine.org

PHASE6_AUDIO_CONTRACT: PASS
Godot Engine v4.7.1.stable.official.a13da4feb - https://godotengine.org

FOREST_ARENA_UI_BUTTON {"screen":"result","text":"같은 조건으로 재대전","x":0.5,"y":0.0921875014901161}
FOREST_ARENA_UI_BUTTON {"screen":"result","text":"대전 준비","x":0.5,"y":0.1484375}
FOREST_ARENA_UI_BUTTON {"screen":"result","text":"로비","x":0.5,"y":0.204687505960464}
AUDIO_APP_FLOW: PASS
verify-audio: PASS
Godot Engine v4.7.1.stable.official.a13da4feb - https://godotengine.org

COMBAT_OVERHAUL_CONTRACT: PASS
WARNING: 7 ObjectDB instances were leaked at exit (run with `--verbose` for details).
   at: cleanup (core/object/object.cpp:2536)
ERROR: 3 resources still in use at exit (run with --verbose for details).
   at: clear (core/io/resource.cpp:822)
Godot Engine v4.7.1.stable.official.a13da4feb - https://godotengine.org

CHARACTER_DATA_CONTRACT: PASS
Godot Engine v4.7.1.stable.official.a13da4feb - https://godotengine.org

CHARACTER_APPEARANCE_CONTRACT: PASS
Godot Engine v4.7.1.stable.official.a13da4feb - https://godotengine.org

CHARACTER_MOTION_CONTRACT: PASS
Godot Engine v4.7.1.stable.official.a13da4feb - https://godotengine.org

CHARACTER_ATTACK_MOTION_CONTRACT: PASS
Godot Engine v4.7.1.stable.official.a13da4feb - https://godotengine.org

COMBAT_CONCEPT_CONTRACT: PASS
Godot Engine v4.7.1.stable.official.a13da4feb - https://godotengine.org

UI_DESIGN_CONTRACT: PASS
Godot Engine v4.7.1.stable.official.a13da4feb - https://godotengine.org

BATTLE_MINIMAP: PASS
Godot Engine v4.7.1.stable.official.a13da4feb - https://godotengine.org

BATTLE_MINIMAP_APP_FLOW: PASS
WARNING: 11 ObjectDB instances were leaked at exit (run with `--verbose` for details).
   at: cleanup (core/object/object.cpp:2536)
ERROR: 5 resources still in use at exit (run with --verbose for details).
   at: clear (core/io/resource.cpp:822)
Godot Engine v4.7.1.stable.official.a13da4feb - https://godotengine.org

LOCAL_PLAYER_STORE: PASS
Godot Engine v4.7.1.stable.official.a13da4feb - https://godotengine.org

PROFILE_CATALOG: PASS
Godot Engine v4.7.1.stable.official.a13da4feb - https://godotengine.org

LOCAL_AI_BEHAVIOR: PASS
WARNING: 6 ObjectDB instances were leaked at exit (run with `--verbose` for details).
   at: cleanup (core/object/object.cpp:2536)
ERROR: 3 resources still in use at exit (run with --verbose for details).
   at: clear (core/io/resource.cpp:822)
Godot Engine v4.7.1.stable.official.a13da4feb - https://godotengine.org

LOCAL_AI_SOAK_MATCH: ja-hyun/myo-ryung seed=9100 ticks=3612 winner_character=ja-hyun draw=false
LOCAL_AI_SOAK_MATCH: myo-ryung/nabi seed=9101 ticks=4104 winner_character=nabi draw=false
LOCAL_AI_SOAK_MATCH: nabi/yu-ran seed=9102 ticks=3562 winner_character=yu-ran draw=false
LOCAL_AI_SOAK_MATCH: yu-ran/ja-hyun seed=9103 ticks=3646 winner_character=ja-hyun draw=false
LOCAL_AI_SOAK_MATCH: ja-hyun/myo-ryung seed=9100 ticks=3612 winner_character=ja-hyun draw=false
LOCAL_AI_SOAK_MATCH: ja-hyun/ja-hyun seed=9200 ticks=3814 winner_character=ja-hyun draw=false
LOCAL_AI_SOAK_MATCH: ja-hyun/nabi seed=9202 ticks=4198 winner_character=nabi draw=false
LOCAL_AI_SOAK_MATCH: ja-hyun/yu-ran seed=9203 ticks=3756 winner_character=ja-hyun draw=false
LOCAL_AI_SOAK_MATCH: myo-ryung/ja-hyun seed=9204 ticks=3700 winner_character=myo-ryung draw=false
LOCAL_AI_SOAK_MATCH: myo-ryung/myo-ryung seed=9205 ticks=4128 winner_character=myo-ryung draw=false
LOCAL_AI_SOAK_MATCH: myo-ryung/yu-ran seed=9207 ticks=4066 winner_character=yu-ran draw=false
LOCAL_AI_SOAK_MATCH: nabi/ja-hyun seed=9208 ticks=4236 winner_character=nabi draw=false
LOCAL_AI_SOAK_MATCH: nabi/myo-ryung seed=9209 ticks=3096 winner_character=myo-ryung draw=false
LOCAL_AI_SOAK_MATCH: nabi/nabi seed=9210 ticks=3504 winner_character=nabi draw=false
LOCAL_AI_SOAK_MATCH: yu-ran/myo-ryung seed=9213 ticks=3516 winner_character=yu-ran draw=false
LOCAL_AI_SOAK_MATCH: yu-ran/nabi seed=9214 ticks=3816 winner_character=nabi draw=false
LOCAL_AI_SOAK_MATCH: yu-ran/yu-ran seed=9215 ticks=3742 winner_character=yu-ran draw=false
LOCAL_AI_SOAK: PASS
Godot Engine v4.7.1.stable.official.a13da4feb - https://godotengine.org

LOCAL_FIGHTER_PRESENTATION: PASS
Godot Engine v4.7.1.stable.official.a13da4feb - https://godotengine.org

FOREST_ARENA_BACK_REQUEST {"msec":800,"previous_msec":-200,"screen":"accessibility"}
FOREST_ARENA_BACK_REQUEST {"msec":1000,"previous_msec":800,"screen":"shop"}
FOREST_ARENA_BACK_REQUEST {"msec":1001,"previous_msec":1000,"screen":"home"}
FOREST_ARENA_BACK_REQUEST {"msec":1500,"previous_msec":1000,"screen":"prepare"}
FOREST_ARENA_UI_BUTTON {"screen":"match","text":"일시정지","x":0.893750011920929,"y":0.161718755960464}
FOREST_ARENA_BACK_REQUEST {"msec":2000,"previous_msec":1500,"screen":"match"}
FOREST_ARENA_BACK_REQUEST {"msec":2500,"previous_msec":2000,"screen":"pause"}
FOREST_ARENA_BACK_REQUEST {"msec":3000,"previous_msec":2500,"screen":"result"}
LOCAL_AI_APP_FLOW: PASS
WARNING: 8 ObjectDB instances were leaked at exit (run with `--verbose` for details).
   at: cleanup (core/object/object.cpp:2536)
ERROR: 4 resources still in use at exit (run with --verbose for details).
   at: clear (core/io/resource.cpp:822)
Godot Engine v4.7.1.stable.official.a13da4feb - https://godotengine.org

FOREST_ARENA_UI_BUTTON {"screen":"match","text":"일시정지","x":0.893750011920929,"y":0.161718755960464}
FOREST_ARENA_UI_BUTTON {"screen":"match","text":"일시정지","x":0.893750011920929,"y":0.161718755960464}
FOREST_ARENA_UI_BUTTON {"screen":"match","text":"일시정지","x":0.893750011920929,"y":0.161718755960464}
FOREST_ARENA_UI_BUTTON {"screen":"match","text":"일시정지","x":0.893750011920929,"y":0.161718755960464}
FOREST_ARENA_UI_BUTTON {"screen":"match","text":"일시정지","x":0.893750011920929,"y":0.161718755960464}
FOREST_ARENA_UI_BUTTON {"screen":"match","text":"일시정지","x":0.893750011920929,"y":0.161718755960464}
FOREST_ARENA_PERFORMANCE {"draw_calls":0.0,"fps":136.63279607125,"frame_p95_ms":7.23577777777779,"frames":300,"texture_bytes":0.0}
FOREST_ARENA_UI_BUTTON {"screen":"match","text":"일시정지","x":0.893750011920929,"y":0.161718755960464}
FOREST_ARENA_UI_BUTTON {"screen":"match","text":"일시정지","x":0.893750011920929,"y":0.161718755960464}
FOREST_ARENA_UI_BUTTON {"screen":"match","text":"일시정지","x":0.893750011920929,"y":0.161718755960464}
FOREST_ARENA_UI_BUTTON {"screen":"match","text":"일시정지","x":0.893750011920929,"y":0.161718755960464}
FOREST_ARENA_UI_BUTTON {"screen":"match","text":"일시정지","x":0.893750011920929,"y":0.161718755960464}
FOREST_ARENA_UI_BUTTON {"screen":"match","text":"일시정지","x":0.893750011920929,"y":0.161718755960464}
FOREST_ARENA_PERFORMANCE {"draw_calls":0.0,"fps":135.956857565705,"frame_p95_ms":7.6901111111111,"frames":300,"texture_bytes":0.0}
FOREST_ARENA_UI_BUTTON {"screen":"match","text":"일시정지","x":0.893750011920929,"y":0.161718755960464}
FOREST_ARENA_UI_BUTTON {"screen":"match","text":"일시정지","x":0.893750011920929,"y":0.161718755960464}
FOREST_ARENA_UI_BUTTON {"screen":"match","text":"일시정지","x":0.893750011920929,"y":0.161718755960464}
FOREST_ARENA_UI_BUTTON {"screen":"match","text":"일시정지","x":0.893750011920929,"y":0.161718755960464}
FOREST_ARENA_UI_BUTTON {"screen":"match","text":"일시정지","x":0.893750011920929,"y":0.161718755960464}
FOREST_ARENA_UI_BUTTON {"screen":"match","text":"일시정지","x":0.893750011920929,"y":0.161718755960464}
FOREST_ARENA_PERFORMANCE {"draw_calls":0.0,"fps":135.834355738406,"frame_p95_ms":6.94444444444444,"frames":300,"texture_bytes":0.0}
FOREST_ARENA_UI_BUTTON {"screen":"match","text":"일시정지","x":0.893750011920929,"y":0.161718755960464}
FOREST_ARENA_UI_BUTTON {"screen":"match","text":"일시정지","x":0.893750011920929,"y":0.161718755960464}
FOREST_ARENA_UI_BUTTON {"screen":"match","text":"일시정지","x":0.893750011920929,"y":0.161718755960464}
FOREST_ARENA_UI_BUTTON {"screen":"match","text":"일시정지","x":0.893750011920929,"y":0.161718755960464}
FOREST_ARENA_UI_BUTTON {"screen":"match","text":"일시정지","x":0.893750011920929,"y":0.161718755960464}
FOREST_ARENA_UI_BUTTON {"screen":"match","text":"일시정지","x":0.893750011920929,"y":0.161718755960464}
FOREST_ARENA_PERFORMANCE {"draw_calls":0.0,"fps":135.794745537999,"frame_p95_ms":6.94444444444444,"frames":300,"texture_bytes":0.0}
LOCAL_ACCESSORY_PLAY: PASS
WARNING: 6 ObjectDB instances were leaked at exit (run with `--verbose` for details).
   at: cleanup (core/object/object.cpp:2536)
ERROR: 3 resources still in use at exit (run with --verbose for details).
   at: clear (core/io/resource.cpp:822)
Godot Engine v4.7.1.stable.official.a13da4feb - https://godotengine.org

FOREST_ARENA_TOUCH action=move_right edge=press pointer=1
FOREST_ARENA_TOUCH action=evade edge=press pointer=2
FOREST_ARENA_TOUCH action=evade edge=release pointer=2
FOREST_ARENA_TOUCH action=ultimate edge=press pointer=2
FOREST_ARENA_TOUCH action=ultimate edge=press pointer=3
FOREST_ARENA_TOUCH action=ultimate edge=release pointer=2
FOREST_ARENA_TOUCH action=ultimate edge=release pointer=3
FOREST_ARENA_TOUCH action=move_right edge=release pointer=1
FOREST_ARENA_TOUCH action=move_left edge=press pointer=1
FOREST_ARENA_TOUCH action=evade edge=press pointer=2
FOREST_ARENA_TOUCH action=move_left edge=release pointer=1
FOREST_ARENA_TOUCH action=evade edge=release pointer=2
FOREST_ARENA_TOUCH action=move_down edge=press pointer=1
FOREST_ARENA_TOUCH action=ultimate edge=press pointer=2
FOREST_ARENA_TOUCH action=move_down edge=release pointer=1
FOREST_ARENA_TOUCH action=ultimate edge=release pointer=2
FOREST_ARENA_TOUCH action=move_left edge=press pointer=1
FOREST_ARENA_TOUCH action=evade edge=press pointer=2
FOREST_ARENA_TOUCH action=move_left edge=release pointer=1
FOREST_ARENA_TOUCH action=evade edge=release pointer=2
FOREST_ARENA_TOUCH action=evade edge=press pointer=2
FOREST_ARENA_TOUCH action=evade edge=release pointer=2
FOREST_ARENA_TOUCH action=move_left edge=press pointer=1
FOREST_ARENA_TOUCH action=ultimate edge=press pointer=2
FOREST_ARENA_TOUCH action=move_left edge=release pointer=1
FOREST_ARENA_TOUCH action=ultimate edge=release pointer=2
FOREST_ARENA_TOUCH action=move_right edge=press pointer=1
FOREST_ARENA_TOUCH action=ultimate edge=press pointer=2
FOREST_ARENA_TOUCH action=move_right edge=release pointer=1
FOREST_ARENA_TOUCH action=ultimate edge=release pointer=2
FOREST_ARENA_TOUCH action=move_down edge=press pointer=1
FOREST_ARENA_TOUCH action=ultimate edge=press pointer=2
FOREST_ARENA_TOUCH action=move_down edge=release pointer=1
FOREST_ARENA_TOUCH action=ultimate edge=release pointer=2
FOREST_ARENA_TOUCH action=move_up edge=press pointer=1
FOREST_ARENA_TOUCH action=ultimate edge=press pointer=2
FOREST_ARENA_TOUCH action=move_up edge=release pointer=1
FOREST_ARENA_TOUCH action=ultimate edge=release pointer=2
LOCAL_TOUCH_CONTROLS: PASS
WARNING: 3 ObjectDB instances were leaked at exit (run with `--verbose` for details).
   at: cleanup (core/object/object.cpp:2536)
ERROR: 1 resources still in use at exit (run with --verbose for details).
   at: clear (core/io/resource.cpp:822)
Godot Engine v4.7.1.stable.official.a13da4feb - https://godotengine.org

LAN_CONTRACT: PASS
Godot Engine v4.7.1.stable.official.a13da4feb - https://godotengine.org

LAN_RUNTIME: PASS
Godot Engine v4.7.1.stable.official.a13da4feb - https://godotengine.org

FOREST_ARENA_UI_BUTTON {"screen":"first","text":"자현","x":0.170703127980232,"y":0.286718755960464}
FOREST_ARENA_UI_BUTTON {"screen":"first","text":"묘령","x":0.390234380960464,"y":0.286718755960464}
FOREST_ARENA_UI_BUTTON {"screen":"first","text":"나비","x":0.609765648841858,"y":0.286718755960464}
FOREST_ARENA_UI_BUTTON {"screen":"first","text":"유란","x":0.829296886920929,"y":0.286718755960464}
FOREST_ARENA_UI_BUTTON {"screen":"first","text":"저장 모드 · 기기 저장","x":0.5,"y":0.342968761920929}
FOREST_ARENA_UI_BUTTON {"screen":"lan_waiting","text":"초대 코드 복사","x":0.5,"y":0.2109375}
FOREST_ARENA_UI_BUTTON {"screen":"lan_waiting","text":"방 닫기","x":0.5,"y":0.267187505960464}
FOREST_ARENA_UI_BUTTON {"screen":"first","text":"자현","x":0.170703127980232,"y":0.286718755960464}
FOREST_ARENA_UI_BUTTON {"screen":"first","text":"묘령","x":0.390234380960464,"y":0.286718755960464}
FOREST_ARENA_UI_BUTTON {"screen":"first","text":"나비","x":0.609765648841858,"y":0.286718755960464}
FOREST_ARENA_UI_BUTTON {"screen":"first","text":"유란","x":0.829296886920929,"y":0.286718755960464}
FOREST_ARENA_UI_BUTTON {"screen":"first","text":"저장 모드 · 기기 저장","x":0.5,"y":0.342968761920929}
FOREST_ARENA_UI_BUTTON {"screen":"lan_match","text":"대전 나가기","x":0.893750011920929,"y":0.161718755960464}
FOREST_ARENA_UI_BUTTON {"screen":"lan_match","text":"대전 나가기","x":0.893750011920929,"y":0.161718755960464}
LAN_APP_FLOW: PASS
verify-lan-runtime: PASS

added 18 packages in 541ms

> forest-arena-local-api@0.1.0 test
> npm run build && node --test dist/tests/*.test.js


> forest-arena-local-api@0.1.0 build
> tsc -p tsconfig.json && cp src/profile_catalog.json dist/src/profile_catalog.json

TAP version 13
# Subtest: Java and TypeScript share accepted and rejected administrator profile examples
ok 1 - Java and TypeScript share accepted and rejected administrator profile examples
  ---
  duration_ms: 3.340958
  type: 'test'
  ...
# Subtest: access token checks kind, signature and expiry
ok 2 - access token checks kind, signature and expiry
  ---
  duration_ms: 3.473292
  type: 'test'
  ...
# Subtest: match ticket carries fixed slot and expires after 60 seconds
ok 3 - match ticket carries fixed slot and expires after 60 seconds
  ---
  duration_ms: 1.158083
  type: 'test'
  ...
# Subtest: matchmaker pairs fixed loadouts, prevents a second active room and releases after completion
ok 4 - matchmaker pairs fixed loadouts, prevents a second active room and releases after completion
  ---
  duration_ms: 1.271417
  type: 'test'
  ...
# Subtest: only a waiting player can cancel its own entry
ok 5 - only a waiting player can cancel its own entry
  ---
  duration_ms: 0.289875
  type: 'test'
  ...
# Subtest: profile grants, free purchases, selection and accessibility preserve source
ok 6 - profile grants, free purchases, selection and accessibility preserve source
  ---
  duration_ms: 3.084167
  type: 'test'
  ...
# Subtest: invalid, duplicate and unowned actions are rejected
ok 7 - invalid, duplicate and unowned actions are rejected
  ---
  duration_ms: 1.94875
  type: 'test'
  ...
# Subtest: nickname and minimap actions preserve other fields and validate limits
ok 8 - nickname and minimap actions preserve other fields and validate limits
  ---
  duration_ms: 3.165375
  type: 'test'
  ...
# Subtest: v2 migration preserves selection ownership and accessibility
ok 9 - v2 migration preserves selection ownership and accessibility
  ---
  duration_ms: 0.910125
  type: 'test'
  ...
1..9
# tests 9
# suites 0
# pass 9
# fail 0
# cancelled 0
# skipped 0
# todo 0
# duration_ms 131.560708
Godot Engine v4.7.1.stable.official.a13da4feb - https://godotengine.org

[   0% ] [90m[1mfirst_scan_filesystem[22m | Started 프로젝트 초기화 (5 steps)[39m[0m
[   0% ] [90m[1mfirst_scan_filesystem[22m | 파일 구조 스캔 중...[39m[0m
[  16% ] [90m[1mfirst_scan_filesystem[22m | 전역 클래스 이름을 불러오는 중...[39m[0m
[  33% ] [90m[1mfirst_scan_filesystem[22m | GDExtensions 검증 중...[39m[0m
[  50% ] [90m[1mfirst_scan_filesystem[22m | 오토로드 스크립트를 만드는 중...[39m[0m
[  66% ] [90m[1mfirst_scan_filesystem[22m | 플러그인을 초기화 중...[39m[0m
[  83% ] [90m[1mfirst_scan_filesystem[22m | 파일 스캔 시작 중...[39m[0m
[92m[ DONE ][39m [1mfirst_scan_filesystem[22m
[0m
[   0% ] [90m[1m_update_scan_actions[22m | Started 액션 스캔 중... (2 steps)[39m[0m
[   0% ] [90m[1m_update_scan_actions[22m | attack_light_combo_01_16f.png[39m[0m
[  33% ] [90m[1m_update_scan_actions[22m | attack_light_combo_02_16f.png[39m[0m
[92m[ DONE ][39m [1m_update_scan_actions[22m
[0m
[   0% ] [90m[1mreimport[22m | Started 애셋 (다시) 가져오는 중 (2 steps)[39m[0m
[   0% ] [90m[1mreimport[22m | 다시 가져올 파일을 준비 중...[39m[0m
[  33% ] [90m[1mreimport[22m | 다시 가져올 파일을 준비 중...[39m[0m
[   0% ] [90m[1mreimport[22m | 다시 가져오기 전 작업을 수행 중...[39m[0m
[   0% ] [90m[1mreimport[22m | attack_light_combo_01_16f.png[39m[0m
[  33% ] [90m[1mreimport[22m | attack_light_combo_02_16f.png[39m[0m
[  66% ] [90m[1mreimport[22m | 애셋 가져오기 마무리 중...[39m[0m
[92m[ DONE ][39m [1mreimport[22m
[0m
[   0% ] [90m[1mreimport[22m | Started 애셋 (다시) 가져오는 중 (2 steps)[39m[0m
[   0% ] [90m[1mreimport[22m | 다시 가져오기 후 작업을 수행 중...[39m[0m
[92m[ DONE ][39m [1mreimport[22m
[0m
[   0% ] [90m[1mloading_editor_layout[22m | Started 편집기를 불러오는 중 (5 steps)[39m[0m
[   0% ] [90m[1mloading_editor_layout[22m | 편집기 레이아웃을 불러오는 중...[39m[0m
[  16% ] [90m[1mloading_editor_layout[22m | 독을 불러오는 중...[39m[0m
[92m[ DONE ][39m [1mloading_editor_layout[22m
[0m
Godot Engine v4.7.1.stable.official.a13da4feb - https://godotengine.org

ONLINE_CONTRACT: PASS
verify-online-server: PASS
- 인증·매칭 단위 검사, WebSocket 계약과 Godot 권위 상태 검사 확인
OK: 397 logical assets
Quality-dependent assets: 24 (high/medium/low)
verify-docs: PASS
- 목적별 7개 문서 폴더와 중앙 색인 확인
- 이전 경로, 쉬운 문장 규칙과 상대 링크 확인
verify-harness: PASS
- 14 active roles from team spec
- Korean skill structure, merged ownership, dynamic roster, resource, approval and online gates
Forest Arena verification passed.
